"Name","State","Notes","User","Tags","Created","Runtime","Sweep","batch_size","buffer_size","device","discount","env","eval_freq","group","keypoint_predictor_path","log_dir","max_timesteps","n_episodes","name","normalize","normalize_reward","project","reward_model_paths","seed","tau","actor_grad_norm","actor_loss","bc_loss","critic_grad_norm","critic_loss","d4rl_normalized_score","ql_loss","target_q_mean"
"kitchen-complete-v0_DiffusionQL_RelabeledEvaluativeRewardMlp_44","crashed","-","","","2024-09-07T22:15:41.000Z","172744","","256","2000000","cpu","0.99","kitchen-complete-v0","500","kitchen-complete-v0","","/scratch/slurm_tmpdir/job_24180991","1000000","10","kitchen-complete-v0_DiffusionQL_RelabeledEvaluativeRewardMlp_44","true","false","Uni-RLHF-DiffusionQL-Extended","[""../../rlhf/model_logs/kitchen-complete-v0/epoch_1000_query_200_len_100_seed_0/models/relabeled_evaluative_reward_mlp.pt""]","44","0.005","0.3795236945152282","-0.9999000430107116","0.02350803092122078","0.1870522648096085","0.001546074403449893","85","0.028507530689239505","14.376925468444824"
"kitchen-complete-v0_DiffusionQL_RelabeledEvaluativeRewardMlp_42","crashed","-","","","2024-09-05T08:34:45.000Z","172687","","256","2000000","cpu","0.99","kitchen-complete-v0","500","kitchen-complete-v0","","/scratch/slurm_tmpdir/job_24146687","1000000","10","kitchen-complete-v0_DiffusionQL_RelabeledEvaluativeRewardMlp_42","true","false","Uni-RLHF-DiffusionQL-Extended","[""../../rlhf/model_logs/kitchen-complete-v0/epoch_1000_query_200_len_100_seed_0/models/relabeled_evaluative_reward_mlp.pt""]","42","0.005","0.3682594895362854","-1.0007407665252686","0.028716085478663445","0.7043266892433167","0.0021711247973144054","75","0.03371978923678398","14.001201629638672"
"kitchen-complete-v0_DiffusionQL_HumanComparativeRewardMlp_42","crashed","-","","","2024-09-05T08:34:45.000Z","172685","","256","2000000","cpu","0.99","kitchen-complete-v0","500","kitchen-complete-v0","","/scratch/slurm_tmpdir/job_24146683","1000000","10","kitchen-complete-v0_DiffusionQL_HumanComparativeRewardMlp_42","true","false","Uni-RLHF-DiffusionQL-Extended","[""../../rlhf/model_logs/kitchen-complete-v0/epoch_1000_query_200_len_100_seed_0/models/human_comparative_reward_mlp.pt""]","42","0.005","0.32502540946006775","-1.0000308752059937","0.02086636424064636","0.4241037964820862","0.00670736376196146","67.5","0.025866519659757618","29.59286117553711"
"kitchen-complete-v0_DiffusionQL_HumanComparativeRewardMlp_43","crashed","-","","","2024-09-07T22:08:44.000Z","172686","","256","2000000","cpu","0.99","kitchen-complete-v0","500","kitchen-complete-v0","","/scratch/slurm_tmpdir/job_24180854","1000000","10","kitchen-complete-v0_DiffusionQL_HumanComparativeRewardMlp_43","true","false","Uni-RLHF-DiffusionQL-Extended","[""../../rlhf/model_logs/kitchen-complete-v0/epoch_1000_query_200_len_100_seed_0/models/human_comparative_reward_mlp.pt""]","43","0.005","0.35799434781074524","-1.000285506248474","0.034251868724823","0.6226580739021301","0.011018607765436172","67.5","0.03925329819321632","28.89637565612793"
"kitchen-complete-v0_DiffusionQL_RelabeledEvaluativeRewardMlp_43","crashed","-","","","2024-09-07T22:08:44.000Z","172685","","256","2000000","cpu","0.99","kitchen-complete-v0","500","kitchen-complete-v0","","/scratch/slurm_tmpdir/job_24180858","1000000","10","kitchen-complete-v0_DiffusionQL_RelabeledEvaluativeRewardMlp_43","true","false","Uni-RLHF-DiffusionQL-Extended","[""../../rlhf/model_logs/kitchen-complete-v0/epoch_1000_query_200_len_100_seed_0/models/relabeled_evaluative_reward_mlp.pt""]","43","0.005","0.46670329570770264","-0.9998008608818054","0.02858954295516014","0.1497889906167984","0.0017744263168424368","65","0.03358854725956917","13.78415870666504"
"kitchen-complete-v0_DiffusionQL_42","crashed","-","","","2024-09-05T08:34:45.000Z","172694","","256","2000000","cpu","0.99","kitchen-complete-v0","500","kitchen-complete-v0","","/scratch/slurm_tmpdir/job_24146678","1000000","10","kitchen-complete-v0_DiffusionQL_42","true","false","Uni-RLHF-DiffusionQL-Extended","[]","42","0.005","0.3682699203491211","-1.0002340078353882","0.03499284386634827","32.188655853271484","0.2358904629945755","62.5","0.0399940125644207","118.64732360839844"
"kitchen-complete-v0_DiffusionQL_HumanComparativeRewardMlp_44","crashed","-","","","2024-09-07T22:15:42.000Z","172762","","256","2000000","cpu","0.99","kitchen-complete-v0","500","kitchen-complete-v0","","/scratch/slurm_tmpdir/job_24180987","1000000","10","kitchen-complete-v0_DiffusionQL_HumanComparativeRewardMlp_44","true","false","Uni-RLHF-DiffusionQL-Extended","[""../../rlhf/model_logs/kitchen-complete-v0/epoch_1000_query_200_len_100_seed_0/models/human_comparative_reward_mlp.pt""]","44","0.005","0.41896724700927734","-0.9998286366462708","0.034900542348623276","1.3893427848815918","0.008588595315814018","57.49999999999999","0.039899684488773346","29.7699031829834"
"kitchen-mixed-v0_DiffusionQL_HumanComparativeRewardMlp_44","crashed","-","","","2024-09-07T22:15:41.000Z","172745","","256","2000000","cpu","0.99","kitchen-mixed-v0","500","kitchen-mixed-v0","","/scratch/slurm_tmpdir/job_24180997","1000000","10","kitchen-mixed-v0_DiffusionQL_HumanComparativeRewardMlp_44","true","false","Uni-RLHF-DiffusionQL-Extended","[""../../rlhf/model_logs/kitchen-mixed-v0/epoch_1000_query_200_len_100_seed_0/models/human_comparative_reward_mlp.pt""]","44","0.005","0.2729005217552185","-0.9998169541358948","0.0941530540585518","2.980133056640625","0.2443060278892517","57.49999999999999","0.09915214031934738","30.015357971191406"
"kitchen-mixed-v0_DiffusionQL_HumanComparativeRewardMlp_42","crashed","-","","","2024-09-05T08:34:45.000Z","172685","","256","2000000","cpu","0.99","kitchen-mixed-v0","500","kitchen-mixed-v0","","/scratch/slurm_tmpdir/job_24146693","1000000","10","kitchen-mixed-v0_DiffusionQL_HumanComparativeRewardMlp_42","true","false","Uni-RLHF-DiffusionQL-Extended","[""../../rlhf/model_logs/kitchen-mixed-v0/epoch_1000_query_200_len_100_seed_0/models/human_comparative_reward_mlp.pt""]","42","0.005","0.23742638528347015","-0.999554455280304","0.09361532330513","7.655294418334961","0.22553804516792297","55.00000000000001","0.09861309826374054","29.503917694091797"
"kitchen-mixed-v0_DiffusionQL_HumanComparativeRewardMlp_HumanKeypointPredictorMlp_42","crashed","-","","","2024-09-05T08:34:48.000Z","172684","","256","2000000","cpu","0.99","kitchen-mixed-v0","500","kitchen-mixed-v0","../../rlhf/model_logs/kitchen-mixed-v0/epoch_1000_query_25_len_100_seed_0/models/human_keypoint_predictor_mlp.pt","/scratch/slurm_tmpdir/job_24146691","1000000","10","kitchen-mixed-v0_DiffusionQL_HumanComparativeRewardMlp_HumanKeypointPredictorMlp_42","true","false","Uni-RLHF-DiffusionQL-Extended","[""../../rlhf/model_logs/kitchen-mixed-v0/epoch_1000_query_200_len_100_seed_0/models/human_comparative_reward_mlp.pt""]","42","0.005","0.299389123916626","-0.9994994401931764","0.11652830243110655","2.430548667907715","0.2081733345985413","55.00000000000001","0.12152580171823502","31.175094604492188"
"kitchen-mixed-v0_DiffusionQL_HumanEvaluativeRewardMlp_43","crashed","-","","","2024-09-07T22:08:45.000Z","172685","","256","2000000","cpu","0.99","kitchen-mixed-v0","500","kitchen-mixed-v0","","/scratch/slurm_tmpdir/job_24180865","1000000","10","kitchen-mixed-v0_DiffusionQL_HumanEvaluativeRewardMlp_43","true","false","Uni-RLHF-DiffusionQL-Extended","[""../../rlhf/model_logs/kitchen-mixed-v0/epoch_1000_query_200_len_100_seed_0/models/human_evaluative_reward_mlp.pt""]","43","0.005","0.27852240204811096","-1.0008158683776855","0.1133769080042839","9.132861137390137","0.5731732845306396","52.5","0.11838098615407944","52.59131622314453"
"kitchen-partial-v0_DiffusionQL_HumanComparativeRewardMlp_43","crashed","-","","","2024-09-07T22:08:45.000Z","172687","","256","2000000","cpu","0.99","kitchen-partial-v0","500","kitchen-partial-v0","","/scratch/slurm_tmpdir/job_24180874","1000000","10","kitchen-partial-v0_DiffusionQL_HumanComparativeRewardMlp_43","true","false","Uni-RLHF-DiffusionQL-Extended","[""../../rlhf/model_logs/kitchen-partial-v0/epoch_1000_query_200_len_100_seed_0/models/human_comparative_reward_mlp.pt""]","43","0.005","0.2824306786060333","-0.9995995759963988","0.12096844613552094","6.9049153327941895","0.31527918577194214","52.5","0.12596644461154938","29.199005126953125"
"kitchen-complete-v0_DiffusionQL_HumanKeypointPredictorMlp_44","crashed","-","","","2024-09-07T22:15:37.000Z","172745","","256","2000000","cpu","0.99","kitchen-complete-v0","500","kitchen-complete-v0","../../rlhf/model_logs/kitchen-complete-v0/epoch_1000_query_25_len_100_seed_0/models/human_keypoint_predictor_mlp.pt","/scratch/slurm_tmpdir/job_24180989","1000000","10","kitchen-complete-v0_DiffusionQL_HumanKeypointPredictorMlp_44","true","false","Uni-RLHF-DiffusionQL-Extended","[]","44","0.005","0.3877188265323639","-1.0006667375564575","0.02124586701393127","22.12612533569336","0.18220707774162292","52.5","0.02624920010566711","119.46974182128906"
"kitchen-mixed-v0_DiffusionQL_HumanComparativeRewardMlp_HumanEvaluativeRewardMlp_HumanKeypointPredictorMlp_44","crashed","-","","","2024-09-07T22:15:46.000Z","172745","","256","2000000","cpu","0.99","kitchen-mixed-v0","500","kitchen-mixed-v0","../../rlhf/model_logs/kitchen-mixed-v0/epoch_1000_query_25_len_100_seed_0/models/human_keypoint_predictor_mlp.pt","/scratch/slurm_tmpdir/job_24180993","1000000","10","kitchen-mixed-v0_DiffusionQL_HumanComparativeRewardMlp_HumanEvaluativeRewardMlp_HumanKeypointPredictorMlp_44","true","false","Uni-RLHF-DiffusionQL-Extended","[""../../rlhf/model_logs/kitchen-mixed-v0/epoch_1000_query_200_len_100_seed_0/models/human_comparative_reward_mlp.pt"",""../../rlhf/model_logs/kitchen-mixed-v0/epoch_1000_query_200_len_100_seed_0/models/human_evaluative_reward_mlp.pt""]","44","0.005","0.315005898475647","-0.9986360669136048","0.1070009395480156","4.228610038757324","0.2649356722831726","52.5","0.11199411749839784","40.84071350097656"
"kitchen-mixed-v0_DiffusionQL_HumanComparativeRewardMlp_HumanKeypointPredictorMlp_44","crashed","-","","","2024-09-07T22:15:42.000Z","172745","","256","2000000","cpu","0.99","kitchen-mixed-v0","500","kitchen-mixed-v0","../../rlhf/model_logs/kitchen-mixed-v0/epoch_1000_query_25_len_100_seed_0/models/human_keypoint_predictor_mlp.pt","/scratch/slurm_tmpdir/job_24180995","1000000","10","kitchen-mixed-v0_DiffusionQL_HumanComparativeRewardMlp_HumanKeypointPredictorMlp_44","true","false","Uni-RLHF-DiffusionQL-Extended","[""../../rlhf/model_logs/kitchen-mixed-v0/epoch_1000_query_200_len_100_seed_0/models/human_comparative_reward_mlp.pt""]","44","0.005","0.3141278922557831","-0.9997637867927552","0.07365746051073074","6.375722885131836","0.16135703027248385","52.5","0.07865627855062485","31.299381256103516"
"kitchen-mixed-v0_DiffusionQL_HumanComparativeRewardMlp_HumanEvaluativeRewardMlp_HumanKeypointPredictorMlp_43","crashed","-","","","2024-09-07T22:08:49.000Z","172687","","256","2000000","cpu","0.99","kitchen-mixed-v0","500","kitchen-mixed-v0","../../rlhf/model_logs/kitchen-mixed-v0/epoch_1000_query_25_len_100_seed_0/models/human_keypoint_predictor_mlp.pt","/scratch/slurm_tmpdir/job_24180860","1000000","10","kitchen-mixed-v0_DiffusionQL_HumanComparativeRewardMlp_HumanEvaluativeRewardMlp_HumanKeypointPredictorMlp_43","true","false","Uni-RLHF-DiffusionQL-Extended","[""../../rlhf/model_logs/kitchen-mixed-v0/epoch_1000_query_200_len_100_seed_0/models/human_comparative_reward_mlp.pt"",""../../rlhf/model_logs/kitchen-mixed-v0/epoch_1000_query_200_len_100_seed_0/models/human_evaluative_reward_mlp.pt""]","43","0.005","0.2976701557636261","-1.0008001327514648","0.11330249905586244","7.051814556121826","0.2827211618423462","52.5","0.118306502699852","39.89850234985352"
"kitchen-mixed-v0_DiffusionQL_RelabeledComparativeRewardMlp_43","crashed","-","","","2024-09-07T22:08:45.000Z","172685","","256","2000000","cpu","0.99","kitchen-mixed-v0","500","kitchen-mixed-v0","","/scratch/slurm_tmpdir/job_24180867","1000000","10","kitchen-mixed-v0_DiffusionQL_RelabeledComparativeRewardMlp_43","true","false","Uni-RLHF-DiffusionQL-Extended","[""../../rlhf/model_logs/kitchen-mixed-v0/epoch_1000_query_200_len_100_seed_0/models/relabeled_comparative_reward_mlp.pt""]","43","0.005","0.2874225378036499","-0.9989759922027588","0.10856529325246812","12.284643173217772","0.4602988064289093","50","0.11356016993522644","25.027746200561523"
"kitchen-partial-v0_DiffusionQL_HumanComparativeRewardMlp_HumanEvaluativeRewardMlp_43","crashed","-","","","2024-09-07T22:08:46.000Z","172686","","256","2000000","cpu","0.99","kitchen-partial-v0","500","kitchen-partial-v0","","/scratch/slurm_tmpdir/job_24180871","1000000","10","kitchen-partial-v0_DiffusionQL_HumanComparativeRewardMlp_HumanEvaluativeRewardMlp_43","true","false","Uni-RLHF-DiffusionQL-Extended","[""../../rlhf/model_logs/kitchen-partial-v0/epoch_1000_query_200_len_100_seed_0/models/human_comparative_reward_mlp.pt"",""../../rlhf/model_logs/kitchen-partial-v0/epoch_1000_query_200_len_100_seed_0/models/human_evaluative_reward_mlp.pt""]","43","0.005","0.2611108422279358","-1.0019668340682983","0.11433710902929306","4.542995452880859","0.15738698840141296","50","0.11934694647789","25.51791763305664"
"kitchen-mixed-v0_DiffusionQL_HumanComparativeRewardMlp_HumanKeypointPredictorMlp_43","crashed","-","","","2024-09-07T22:08:48.000Z","172684","","256","2000000","cpu","0.99","kitchen-mixed-v0","500","kitchen-mixed-v0","../../rlhf/model_logs/kitchen-mixed-v0/epoch_1000_query_25_len_100_seed_0/models/human_keypoint_predictor_mlp.pt","/scratch/slurm_tmpdir/job_24180862","1000000","10","kitchen-mixed-v0_DiffusionQL_HumanComparativeRewardMlp_HumanKeypointPredictorMlp_43","true","false","Uni-RLHF-DiffusionQL-Extended","[""../../rlhf/model_logs/kitchen-mixed-v0/epoch_1000_query_200_len_100_seed_0/models/human_comparative_reward_mlp.pt""]","43","0.005","0.3410796821117401","-1.0000712871551514","0.11293865740299223","5.193309783935547","0.15512198209762573","50","0.11793901026248932","30.635517120361328"
"kitchen-complete-v0_DiffusionQL_RelabeledComparativeRewardMlp_44","crashed","-","","","2024-09-07T22:15:37.000Z","172745","","256","2000000","cpu","0.99","kitchen-complete-v0","500","kitchen-complete-v0","","/scratch/slurm_tmpdir/job_24180990","1000000","10","kitchen-complete-v0_DiffusionQL_RelabeledComparativeRewardMlp_44","true","false","Uni-RLHF-DiffusionQL-Extended","[""../../rlhf/model_logs/kitchen-complete-v0/epoch_1000_query_200_len_100_seed_0/models/relabeled_comparative_reward_mlp.pt""]","44","0.005","0.3829707205295563","-1.0002037286758425","0.023746013641357425","1.4940162897109983","0.008047668263316154","50","0.028747031465172768","16.691871643066406"
"kitchen-complete-v0_DiffusionQL_RelabeledComparativeRewardMlp_43","crashed","-","","","2024-09-07T22:08:44.000Z","172690","","256","2000000","cpu","0.99","kitchen-complete-v0","500","kitchen-complete-v0","","/scratch/slurm_tmpdir/job_24180857","1000000","10","kitchen-complete-v0_DiffusionQL_RelabeledComparativeRewardMlp_43","true","false","Uni-RLHF-DiffusionQL-Extended","[""../../rlhf/model_logs/kitchen-complete-v0/epoch_1000_query_200_len_100_seed_0/models/relabeled_comparative_reward_mlp.pt""]","43","0.005","0.3596945106983185","-1.0004010200500488","0.02557598613202572","1.6020358800888062","0.010536683723330498","50","0.030577991157770157","16.07295799255371"
"kitchen-mixed-v0_DiffusionQL_HumanEvaluativeRewardMlp_HumanKeypointPredictorMlp_43","crashed","-","","","2024-09-07T22:08:48.000Z","172684","","256","2000000","cpu","0.99","kitchen-mixed-v0","500","kitchen-mixed-v0","../../rlhf/model_logs/kitchen-mixed-v0/epoch_1000_query_25_len_100_seed_0/models/human_keypoint_predictor_mlp.pt","/scratch/slurm_tmpdir/job_24180863","1000000","10","kitchen-mixed-v0_DiffusionQL_HumanEvaluativeRewardMlp_HumanKeypointPredictorMlp_43","true","false","Uni-RLHF-DiffusionQL-Extended","[""../../rlhf/model_logs/kitchen-mixed-v0/epoch_1000_query_200_len_100_seed_0/models/human_evaluative_reward_mlp.pt""]","43","0.005","0.2543070912361145","-0.9998292922973632","0.08013979345560074","5.96302604675293","0.4392595589160919","50","0.08513893932104111","54.78616714477539"
"kitchen-mixed-v0_DiffusionQL_HumanComparativeRewardMlp_43","crashed","-","","","2024-09-07T22:08:45.000Z","172690","","256","2000000","cpu","0.99","kitchen-mixed-v0","500","kitchen-mixed-v0","","/scratch/slurm_tmpdir/job_24180864","1000000","10","kitchen-mixed-v0_DiffusionQL_HumanComparativeRewardMlp_43","true","false","Uni-RLHF-DiffusionQL-Extended","[""../../rlhf/model_logs/kitchen-mixed-v0/epoch_1000_query_200_len_100_seed_0/models/human_comparative_reward_mlp.pt""]","43","0.005","0.2362100780010223","-0.999478042125702","0.10842005163431168","3.146838903427124","0.2669186592102051","47.5","0.11341743916273116","31.102733612060547"
"kitchen-mixed-v0_DiffusionQL_HumanComparativeRewardMlp_HumanEvaluativeRewardMlp_42","crashed","-","","","2024-09-05T08:34:46.000Z","172685","","256","2000000","cpu","0.99","kitchen-mixed-v0","500","kitchen-mixed-v0","","/scratch/slurm_tmpdir/job_24146690","1000000","10","kitchen-mixed-v0_DiffusionQL_HumanComparativeRewardMlp_HumanEvaluativeRewardMlp_42","true","false","Uni-RLHF-DiffusionQL-Extended","[""../../rlhf/model_logs/kitchen-mixed-v0/epoch_1000_query_200_len_100_seed_0/models/human_comparative_reward_mlp.pt"",""../../rlhf/model_logs/kitchen-mixed-v0/epoch_1000_query_200_len_100_seed_0/models/human_evaluative_reward_mlp.pt""]","42","0.005","0.2578013837337494","-0.9995453357696532","0.1033211201429367","6.2403950691223145","0.30335327982902527","47.5","0.10831885039806366","42.396018981933594"
"kitchen-mixed-v0_DiffusionQL_44","crashed","-","","","2024-09-07T22:15:41.000Z","172747","","256","2000000","cpu","0.99","kitchen-mixed-v0","500","kitchen-mixed-v0","","/scratch/slurm_tmpdir/job_24180992","1000000","10","kitchen-mixed-v0_DiffusionQL_44","true","false","Uni-RLHF-DiffusionQL-Extended","[]","44","0.005","0.2942003905773163","-1.0011146068572998","0.11687863618135452","79.34030151367188","5.897234916687012","47.5","0.12188421189785004","87.78892517089844"
"kitchen-mixed-v0_DiffusionQL_HumanKeypointPredictorMlp_42","crashed","-","","","2024-09-05T08:34:47.000Z","172685","","256","2000000","cpu","0.99","kitchen-mixed-v0","500","kitchen-mixed-v0","../../rlhf/model_logs/kitchen-mixed-v0/epoch_1000_query_25_len_100_seed_0/models/human_keypoint_predictor_mlp.pt","/scratch/slurm_tmpdir/job_24146695","1000000","10","kitchen-mixed-v0_DiffusionQL_HumanKeypointPredictorMlp_42","true","false","Uni-RLHF-DiffusionQL-Extended","[]","42","0.005","0.2852531373500824","-1.00016987323761","0.09667518734931946","90.88457489013672","7.315773010253906","47.5","0.10167603939771652","87.00291442871094"
"kitchen-mixed-v0_DiffusionQL_RelabeledComparativeRewardMlp_42","crashed","-","","","2024-09-05T08:34:45.000Z","172685","","256","2000000","cpu","0.99","kitchen-mixed-v0","500","kitchen-mixed-v0","","/scratch/slurm_tmpdir/job_24146696","1000000","10","kitchen-mixed-v0_DiffusionQL_RelabeledComparativeRewardMlp_42","true","false","Uni-RLHF-DiffusionQL-Extended","[""../../rlhf/model_logs/kitchen-mixed-v0/epoch_1000_query_200_len_100_seed_0/models/relabeled_comparative_reward_mlp.pt""]","42","0.005","0.2872830033302307","-1.0023736953735352","0.09991099685430528","4.0218610763549805","0.3441316485404968","47.5","0.10492286831140518","24.572250366210938"
"kitchen-partial-v0_DiffusionQL_HumanEvaluativeRewardMlp_42","crashed","-","","","2024-09-05T09:15:13.000Z","172715","","256","2000000","cpu","0.99","kitchen-partial-v0","500","kitchen-partial-v0","","/scratch/slurm_tmpdir/job_24146704","1000000","10","kitchen-partial-v0_DiffusionQL_HumanEvaluativeRewardMlp_42","true","false","Uni-RLHF-DiffusionQL-Extended","[""../../rlhf/model_logs/kitchen-partial-v0/epoch_1000_query_200_len_100_seed_0/models/human_evaluative_reward_mlp.pt""]","42","0.005","0.22839926183223724","-1.0005043745040894","0.09616728872060776","1.942122220993042","0.11515279114246368","47.5","0.10116980969905852","20.64978408813477"
"kitchen-mixed-v0_DiffusionQL_RelabeledEvaluativeRewardMlp_44","crashed","-","","","2024-09-07T22:15:38.000Z","172745","","256","2000000","cpu","0.99","kitchen-mixed-v0","500","kitchen-mixed-v0","","/scratch/slurm_tmpdir/job_24181001","1000000","10","kitchen-mixed-v0_DiffusionQL_RelabeledEvaluativeRewardMlp_44","true","false","Uni-RLHF-DiffusionQL-Extended","[""../../rlhf/model_logs/kitchen-mixed-v0/epoch_1000_query_200_len_100_seed_0/models/relabeled_evaluative_reward_mlp.pt""]","44","0.005","0.2904621362686157","-1.0011909008026123","0.11171572655439375","0.5748390555381775","0.019230013713240623","47.5","0.11672168225049973","10.331695556640623"
"kitchen-mixed-v0_DiffusionQL_HumanComparativeRewardMlp_HumanEvaluativeRewardMlp_44","crashed","-","","","2024-09-07T22:15:43.000Z","172747","","256","2000000","cpu","0.99","kitchen-mixed-v0","500","kitchen-mixed-v0","","/scratch/slurm_tmpdir/job_24180994","1000000","10","kitchen-mixed-v0_DiffusionQL_HumanComparativeRewardMlp_HumanEvaluativeRewardMlp_44","true","false","Uni-RLHF-DiffusionQL-Extended","[""../../rlhf/model_logs/kitchen-mixed-v0/epoch_1000_query_200_len_100_seed_0/models/human_comparative_reward_mlp.pt"",""../../rlhf/model_logs/kitchen-mixed-v0/epoch_1000_query_200_len_100_seed_0/models/human_evaluative_reward_mlp.pt""]","44","0.005","0.2494925558567047","-1.000966191291809","0.0909736156463623","7.784228801727295","0.3292497396469116","47.5","0.09597844630479813","43.38827896118164"
"kitchen-complete-v0_DiffusionQL_44","crashed","-","","","2024-09-07T22:15:34.000Z","172749","","256","2000000","cpu","0.99","kitchen-complete-v0","500","kitchen-complete-v0","","/scratch/slurm_tmpdir/job_24180982","1000000","10","kitchen-complete-v0_DiffusionQL_44","true","false","Uni-RLHF-DiffusionQL-Extended","[]","44","0.005","0.25331902503967285","-0.9996901154518129","0.012649310752749445","19.21906089782715","0.34916678071022034","47.5","0.01764776185154915","123.1702117919922"
"kitchen-mixed-v0_DiffusionQL_43","crashed","-","","","2024-09-07T22:08:44.000Z","172685","","256","2000000","cpu","0.99","kitchen-mixed-v0","500","kitchen-mixed-v0","","/scratch/slurm_tmpdir/job_24180859","1000000","10","kitchen-mixed-v0_DiffusionQL_43","true","false","Uni-RLHF-DiffusionQL-Extended","[]","43","0.005","0.237984299659729","-0.9996988773345948","0.10197224467992784","53.48527908325195","6.001761436462402","45","0.10697074234485626","87.91717529296875"
"kitchen-complete-v0_DiffusionQL_HumanKeypointPredictorMlp_42","crashed","-","","","2024-09-05T08:34:45.000Z","172686","","256","2000000","cpu","0.99","kitchen-complete-v0","500","kitchen-complete-v0","../../rlhf/model_logs/kitchen-complete-v0/epoch_1000_query_25_len_100_seed_0/models/human_keypoint_predictor_mlp.pt","/scratch/slurm_tmpdir/job_24146685","1000000","10","kitchen-complete-v0_DiffusionQL_HumanKeypointPredictorMlp_42","true","false","Uni-RLHF-DiffusionQL-Extended","[]","42","0.005","0.46116647124290466","-1.0009430646896362","0.035782139748334885","29.10715675354004","0.19701692461967468","45","0.040786854922771454","122.41400146484376"
"kitchen-partial-v0_DiffusionQL_HumanKeypointPredictorMlp_42","crashed","-","","","2024-09-05T09:18:22.000Z","172776","","256","2000000","cpu","0.99","kitchen-partial-v0","500","kitchen-partial-v0","../../rlhf/model_logs/kitchen-partial-v0/epoch_1000_query_25_len_100_seed_0/models/human_keypoint_predictor_mlp.pt","/scratch/slurm_tmpdir/job_24146705","1000000","10","kitchen-partial-v0_DiffusionQL_HumanKeypointPredictorMlp_42","true","false","Uni-RLHF-DiffusionQL-Extended","[]","42","0.005","0.2666263282299042","-0.999860405921936","0.09210074692964554","44.37099838256836","4.5237321853637695","45","0.09710004925727844","72.68251037597656"
"kitchen-partial-v0_DiffusionQL_43","crashed","-","","","2024-09-07T22:08:44.000Z","172700","","256","2000000","cpu","0.99","kitchen-partial-v0","500","kitchen-partial-v0","","/scratch/slurm_tmpdir/job_24180869","1000000","10","kitchen-partial-v0_DiffusionQL_43","true","false","Uni-RLHF-DiffusionQL-Extended","[]","43","0.005","0.28504928946495056","-1.0001052618026731","0.1180003508925438","174.04611206054688","9.979161262512209","45","0.1230008751153946","73.67987823486328"
"kitchen-mixed-v0_DiffusionQL_42","crashed","-","","","2024-09-05T08:34:45.000Z","172685","","256","2000000","cpu","0.99","kitchen-mixed-v0","500","kitchen-mixed-v0","","/scratch/slurm_tmpdir/job_24146688","1000000","10","kitchen-mixed-v0_DiffusionQL_42","true","false","Uni-RLHF-DiffusionQL-Extended","[]","42","0.005","0.2602402865886688","-0.999534010887146","0.10131100565195084","36.842994689941406","3.4243812561035156","45","0.106308676302433","90.61848449707033"
"kitchen-partial-v0_DiffusionQL_HumanKeypointPredictorMlp_44","crashed","-","","","2024-09-07T22:24:31.000Z","172775","","256","2000000","cpu","0.99","kitchen-partial-v0","500","kitchen-partial-v0","../../rlhf/model_logs/kitchen-partial-v0/epoch_1000_query_25_len_100_seed_0/models/human_keypoint_predictor_mlp.pt","/scratch/slurm_tmpdir/job_24181009","1000000","10","kitchen-partial-v0_DiffusionQL_HumanKeypointPredictorMlp_44","true","false","Uni-RLHF-DiffusionQL-Extended","[]","44","0.005","0.2839944362640381","-0.9981511235237122","0.10086766630411148","82.69132232666016","9.107126235961914","42.5","0.10585842281579971","71.20834350585938"
"kitchen-complete-v0_DiffusionQL_43","crashed","-","","","2024-09-07T22:08:44.000Z","172686","","256","2000000","cpu","0.99","kitchen-complete-v0","500","kitchen-complete-v0","","/scratch/slurm_tmpdir/job_24180849","1000000","10","kitchen-complete-v0_DiffusionQL_43","true","false","Uni-RLHF-DiffusionQL-Extended","[]","43","0.005","0.28924116492271423","-0.9986128211021424","0.02074766717851162","17.14723777770996","0.17211133241653442","42.5","0.02574073150753975","122.17730712890624"
"kitchen-mixed-v0_DiffusionQL_RelabeledEvaluativeRewardMlp_42","crashed","-","","","2024-09-05T08:45:58.000Z","172749","","256","2000000","cpu","0.99","kitchen-mixed-v0","500","kitchen-mixed-v0","","/scratch/slurm_tmpdir/job_24146697","1000000","10","kitchen-mixed-v0_DiffusionQL_RelabeledEvaluativeRewardMlp_42","true","false","Uni-RLHF-DiffusionQL-Extended","[""../../rlhf/model_logs/kitchen-mixed-v0/epoch_1000_query_200_len_100_seed_0/models/relabeled_evaluative_reward_mlp.pt""]","42","0.005","0.2609182298183441","-1.0001094341278076","0.09244963526725768","0.942831575870514","0.02803013101220131","42.5","0.09745018184185028","10.11573600769043"
"kitchen-mixed-v0_DiffusionQL_HumanEvaluativeRewardMlp_44","crashed","-","","","2024-09-07T22:15:40.000Z","172745","","256","2000000","cpu","0.99","kitchen-mixed-v0","500","kitchen-mixed-v0","","/scratch/slurm_tmpdir/job_24180998","1000000","10","kitchen-mixed-v0_DiffusionQL_HumanEvaluativeRewardMlp_44","true","false","Uni-RLHF-DiffusionQL-Extended","[""../../rlhf/model_logs/kitchen-mixed-v0/epoch_1000_query_200_len_100_seed_0/models/human_evaluative_reward_mlp.pt""]","44","0.005","0.2949761748313904","-1.00076162815094","0.11697164177894592","9.80060577392578","0.5790379047393799","42.5","0.12197545170783997","53.240665435791016"
"kitchen-mixed-v0_DiffusionQL_HumanEvaluativeRewardMlp_HumanKeypointPredictorMlp_44","crashed","-","","","2024-09-07T22:15:42.000Z","172746","","256","2000000","cpu","0.99","kitchen-mixed-v0","500","kitchen-mixed-v0","../../rlhf/model_logs/kitchen-mixed-v0/epoch_1000_query_25_len_100_seed_0/models/human_keypoint_predictor_mlp.pt","/scratch/slurm_tmpdir/job_24180996","1000000","10","kitchen-mixed-v0_DiffusionQL_HumanEvaluativeRewardMlp_HumanKeypointPredictorMlp_44","true","false","Uni-RLHF-DiffusionQL-Extended","[""../../rlhf/model_logs/kitchen-mixed-v0/epoch_1000_query_200_len_100_seed_0/models/human_evaluative_reward_mlp.pt""]","44","0.005","0.2878669500350952","-0.9991437792778016","0.0972938984632492","4.700713157653809","0.3853359818458557","42.5","0.102289617061615","56.14332962036133"
"kitchen-mixed-v0_DiffusionQL_HumanEvaluativeRewardMlp_HumanKeypointPredictorMlp_42","crashed","-","","","2024-09-05T08:34:48.000Z","172685","","256","2000000","cpu","0.99","kitchen-mixed-v0","500","kitchen-mixed-v0","../../rlhf/model_logs/kitchen-mixed-v0/epoch_1000_query_25_len_100_seed_0/models/human_keypoint_predictor_mlp.pt","/scratch/slurm_tmpdir/job_24146692","1000000","10","kitchen-mixed-v0_DiffusionQL_HumanEvaluativeRewardMlp_HumanKeypointPredictorMlp_42","true","false","Uni-RLHF-DiffusionQL-Extended","[""../../rlhf/model_logs/kitchen-mixed-v0/epoch_1000_query_200_len_100_seed_0/models/human_evaluative_reward_mlp.pt""]","42","0.005","0.3025486469268799","-1.0010528564453125","0.09104323387145996","8.659431457519531","0.38656938076019287","42.5","0.0960484966635704","53.054954528808594"
"kitchen-mixed-v0_DiffusionQL_HumanKeypointPredictorMlp_43","crashed","-","","","2024-09-07T22:08:46.000Z","172686","","256","2000000","cpu","0.99","kitchen-mixed-v0","500","kitchen-mixed-v0","../../rlhf/model_logs/kitchen-mixed-v0/epoch_1000_query_25_len_100_seed_0/models/human_keypoint_predictor_mlp.pt","/scratch/slurm_tmpdir/job_24180866","1000000","10","kitchen-mixed-v0_DiffusionQL_HumanKeypointPredictorMlp_43","true","false","Uni-RLHF-DiffusionQL-Extended","[]","43","0.005","0.27749061584472656","-0.9991329312324524","0.09813426434993744","68.6473159790039","6.059919357299805","42.5","0.10312993079423904","81.12066650390625"
"kitchen-complete-v0_DiffusionQL_HumanComparativeRewardMlp_HumanKeypointPredictorMlp_44","crashed","-","","","2024-09-07T22:15:36.000Z","172761","","256","2000000","cpu","0.99","kitchen-complete-v0","500","kitchen-complete-v0","../../rlhf/model_logs/kitchen-complete-v0/epoch_1000_query_25_len_100_seed_0/models/human_keypoint_predictor_mlp.pt","/scratch/slurm_tmpdir/job_24180985","1000000","10","kitchen-complete-v0_DiffusionQL_HumanComparativeRewardMlp_HumanKeypointPredictorMlp_44","true","false","Uni-RLHF-DiffusionQL-Extended","[""../../rlhf/model_logs/kitchen-complete-v0/epoch_1000_query_200_len_100_seed_0/models/human_comparative_reward_mlp.pt""]","44","0.005","0.4107570350170135","-1.000119924545288","0.022942807525396347","1.955627918243408","0.006269456818699837","40","0.027943406254053116","30.168773651123047"
"kitchen-partial-v0_DiffusionQL_HumanEvaluativeRewardMlp_43","crashed","-","","","2024-09-07T22:08:45.000Z","172685","","256","2000000","cpu","0.99","kitchen-partial-v0","500","kitchen-partial-v0","","/scratch/slurm_tmpdir/job_24180875","1000000","10","kitchen-partial-v0_DiffusionQL_HumanEvaluativeRewardMlp_43","true","false","Uni-RLHF-DiffusionQL-Extended","[""../../rlhf/model_logs/kitchen-partial-v0/epoch_1000_query_200_len_100_seed_0/models/human_evaluative_reward_mlp.pt""]","43","0.005","0.2250937521457672","-0.9998565316200256","0.0870945006608963","7.1630425453186035","0.16735687851905823","40","0.0920937806367874","20.42413902282715"
"kitchen-mixed-v0_DiffusionQL_HumanEvaluativeRewardMlp_42","crashed","-","","","2024-09-05T08:34:45.000Z","172685","","256","2000000","cpu","0.99","kitchen-mixed-v0","500","kitchen-mixed-v0","","/scratch/slurm_tmpdir/job_24146694","1000000","10","kitchen-mixed-v0_DiffusionQL_HumanEvaluativeRewardMlp_42","true","false","Uni-RLHF-DiffusionQL-Extended","[""../../rlhf/model_logs/kitchen-mixed-v0/epoch_1000_query_200_len_100_seed_0/models/human_evaluative_reward_mlp.pt""]","42","0.005","0.30162352323532104","-0.9990335702896118","0.10456513613462448","11.28459644317627","0.4033229351043701","40","0.10956030339002608","53.19542694091797"
"kitchen-partial-v0_DiffusionQL_HumanComparativeRewardMlp_HumanEvaluativeRewardMlp_HumanKeypointPredictorMlp_42","crashed","-","","","2024-09-05T08:47:37.000Z","172745","","256","2000000","cpu","0.99","kitchen-partial-v0","500","kitchen-partial-v0","../../rlhf/model_logs/kitchen-partial-v0/epoch_1000_query_25_len_100_seed_0/models/human_keypoint_predictor_mlp.pt","/scratch/slurm_tmpdir/job_24146699","1000000","10","kitchen-partial-v0_DiffusionQL_HumanComparativeRewardMlp_HumanEvaluativeRewardMlp_HumanKeypointPredictorMlp_42","true","false","Uni-RLHF-DiffusionQL-Extended","[""../../rlhf/model_logs/kitchen-partial-v0/epoch_1000_query_200_len_100_seed_0/models/human_comparative_reward_mlp.pt"",""../../rlhf/model_logs/kitchen-partial-v0/epoch_1000_query_200_len_100_seed_0/models/human_evaluative_reward_mlp.pt""]","42","0.005","0.3293539881706238","-0.9995420575141908","0.1105361357331276","3.985651969909668","0.1196207031607628","40","0.11553384363651276","24.92323112487793"
"kitchen-complete-v0_DiffusionQL_RelabeledComparativeRewardMlp_42","crashed","-","","","2024-09-05T08:34:45.000Z","172685","","256","2000000","cpu","0.99","kitchen-complete-v0","500","kitchen-complete-v0","","/scratch/slurm_tmpdir/job_24146686","1000000","10","kitchen-complete-v0_DiffusionQL_RelabeledComparativeRewardMlp_42","true","false","Uni-RLHF-DiffusionQL-Extended","[""../../rlhf/model_logs/kitchen-complete-v0/epoch_1000_query_200_len_100_seed_0/models/relabeled_comparative_reward_mlp.pt""]","42","0.005","0.37528055906295776","-1.0012589693069458","0.028177008032798767","1.461924433708191","0.008254319429397583","40","0.033183302730321884","16.830448150634766"
"kitchen-partial-v0_DiffusionQL_42","crashed","-","","","2024-09-05T08:45:57.000Z","172749","","256","2000000","cpu","0.99","kitchen-partial-v0","500","kitchen-partial-v0","","/scratch/slurm_tmpdir/job_24146698","1000000","10","kitchen-partial-v0_DiffusionQL_42","true","false","Uni-RLHF-DiffusionQL-Extended","[]","42","0.005","0.2655365765094757","-0.9998123645782472","0.09431415796279909","147.5171356201172","21.85243225097656","40","0.09931322187185287","70.40185546875"
"kitchen-partial-v0_DiffusionQL_HumanComparativeRewardMlp_HumanEvaluativeRewardMlp_44","crashed","-","","","2024-09-07T22:19:33.000Z","172747","","256","2000000","cpu","0.99","kitchen-partial-v0","500","kitchen-partial-v0","","/scratch/slurm_tmpdir/job_24181004","1000000","10","kitchen-partial-v0_DiffusionQL_HumanComparativeRewardMlp_HumanEvaluativeRewardMlp_44","true","false","Uni-RLHF-DiffusionQL-Extended","[""../../rlhf/model_logs/kitchen-partial-v0/epoch_1000_query_200_len_100_seed_0/models/human_comparative_reward_mlp.pt"",""../../rlhf/model_logs/kitchen-partial-v0/epoch_1000_query_200_len_100_seed_0/models/human_evaluative_reward_mlp.pt""]","44","0.005","0.26240357756614685","-1.0000393390655518","0.09265748411417007","6.128911018371582","0.19434306025505063","40","0.0976576805114746","24.012266159057617"
"kitchen-mixed-v0_DiffusionQL_HumanKeypointPredictorMlp_44","crashed","-","","","2024-09-07T22:15:42.000Z","172746","","256","2000000","cpu","0.99","kitchen-mixed-v0","500","kitchen-mixed-v0","../../rlhf/model_logs/kitchen-mixed-v0/epoch_1000_query_25_len_100_seed_0/models/human_keypoint_predictor_mlp.pt","/scratch/slurm_tmpdir/job_24180999","1000000","10","kitchen-mixed-v0_DiffusionQL_HumanKeypointPredictorMlp_44","true","false","Uni-RLHF-DiffusionQL-Extended","[]","44","0.005","0.3142606019973755","-0.9975404143333436","0.093277245759964","42.54726791381836","6.035185813903809","40","0.09826494753360748","86.1631088256836"
"kitchen-mixed-v0_DiffusionQL_HumanComparativeRewardMlp_HumanEvaluativeRewardMlp_43","crashed","-","","","2024-09-07T22:08:46.000Z","172684","","256","2000000","cpu","0.99","kitchen-mixed-v0","500","kitchen-mixed-v0","","/scratch/slurm_tmpdir/job_24180861","1000000","10","kitchen-mixed-v0_DiffusionQL_HumanComparativeRewardMlp_HumanEvaluativeRewardMlp_43","true","false","Uni-RLHF-DiffusionQL-Extended","[""../../rlhf/model_logs/kitchen-mixed-v0/epoch_1000_query_200_len_100_seed_0/models/human_comparative_reward_mlp.pt"",""../../rlhf/model_logs/kitchen-mixed-v0/epoch_1000_query_200_len_100_seed_0/models/human_evaluative_reward_mlp.pt""]","43","0.005","0.27876928448677063","-0.9995441436767578","0.12016703933477402","3.546075344085694","0.24561744928359985","40","0.12516476213932037","41.35979461669922"
"kitchen-mixed-v0_DiffusionQL_RelabeledComparativeRewardMlp_44","crashed","-","","","2024-09-07T22:15:41.000Z","172752","","256","2000000","cpu","0.99","kitchen-mixed-v0","500","kitchen-mixed-v0","","/scratch/slurm_tmpdir/job_24181000","1000000","10","kitchen-mixed-v0_DiffusionQL_RelabeledComparativeRewardMlp_44","true","false","Uni-RLHF-DiffusionQL-Extended","[""../../rlhf/model_logs/kitchen-mixed-v0/epoch_1000_query_200_len_100_seed_0/models/relabeled_comparative_reward_mlp.pt""]","44","0.005","0.2405675947666168","-0.9982155561447144","0.10251317173242568","5.09800910949707","0.3056621551513672","37.5","0.1075042486190796","24.522695541381836"
"kitchen-partial-v0_DiffusionQL_RelabeledComparativeRewardMlp_42","crashed","-","","","2024-09-05T09:28:19.000Z","172774","","256","2000000","cpu","0.99","kitchen-partial-v0","500","kitchen-partial-v0","","/scratch/slurm_tmpdir/job_24146706","1000000","10","kitchen-partial-v0_DiffusionQL_RelabeledComparativeRewardMlp_42","true","false","Uni-RLHF-DiffusionQL-Extended","[""../../rlhf/model_logs/kitchen-partial-v0/epoch_1000_query_200_len_100_seed_0/models/relabeled_comparative_reward_mlp.pt""]","42","0.005","0.26360389590263367","-1.00108802318573","0.08297206461429596","12.522533416748049","0.6789977550506592","37.5","0.08797750622034073","24.26858901977539"
"kitchen-partial-v0_DiffusionQL_HumanComparativeRewardMlp_HumanEvaluativeRewardMlp_HumanKeypointPredictorMlp_43","crashed","-","","","2024-09-07T22:08:48.000Z","172686","","256","2000000","cpu","0.99","kitchen-partial-v0","500","kitchen-partial-v0","../../rlhf/model_logs/kitchen-partial-v0/epoch_1000_query_25_len_100_seed_0/models/human_keypoint_predictor_mlp.pt","/scratch/slurm_tmpdir/job_24180870","1000000","10","kitchen-partial-v0_DiffusionQL_HumanComparativeRewardMlp_HumanEvaluativeRewardMlp_HumanKeypointPredictorMlp_43","true","false","Uni-RLHF-DiffusionQL-Extended","[""../../rlhf/model_logs/kitchen-partial-v0/epoch_1000_query_200_len_100_seed_0/models/human_comparative_reward_mlp.pt"",""../../rlhf/model_logs/kitchen-partial-v0/epoch_1000_query_200_len_100_seed_0/models/human_evaluative_reward_mlp.pt""]","43","0.005","0.32537105679512024","-0.9993482232093812","0.103652223944664","2.173884868621826","0.17101475596427915","37.5","0.10864896327257156","25.440996170043945"
"kitchen-partial-v0_DiffusionQL_HumanEvaluativeRewardMlp_HumanKeypointPredictorMlp_42","crashed","-","","","2024-09-05T09:02:30.000Z","172684","","256","2000000","cpu","0.99","kitchen-partial-v0","500","kitchen-partial-v0","../../rlhf/model_logs/kitchen-partial-v0/epoch_1000_query_25_len_100_seed_0/models/human_keypoint_predictor_mlp.pt","/scratch/slurm_tmpdir/job_24146702","1000000","10","kitchen-partial-v0_DiffusionQL_HumanEvaluativeRewardMlp_HumanKeypointPredictorMlp_42","true","false","Uni-RLHF-DiffusionQL-Extended","[""../../rlhf/model_logs/kitchen-partial-v0/epoch_1000_query_200_len_100_seed_0/models/human_evaluative_reward_mlp.pt""]","42","0.005","0.31632381677627563","-1.0006595849990845","0.1014748513698578","5.151566028594971","0.24915653467178345","37.5","0.10647814720869064","19.270544052124023"
"kitchen-partial-v0_DiffusionQL_HumanEvaluativeRewardMlp_HumanKeypointPredictorMlp_44","crashed","-","","","2024-09-07T22:24:34.000Z","172746","","256","2000000","cpu","0.99","kitchen-partial-v0","500","kitchen-partial-v0","../../rlhf/model_logs/kitchen-partial-v0/epoch_1000_query_25_len_100_seed_0/models/human_keypoint_predictor_mlp.pt","/scratch/slurm_tmpdir/job_24181006","1000000","10","kitchen-partial-v0_DiffusionQL_HumanEvaluativeRewardMlp_HumanKeypointPredictorMlp_44","true","false","Uni-RLHF-DiffusionQL-Extended","[""../../rlhf/model_logs/kitchen-partial-v0/epoch_1000_query_200_len_100_seed_0/models/human_evaluative_reward_mlp.pt""]","44","0.005","0.29767853021621704","-0.999901533126831","0.0948343500494957","1.8889530897140503","0.13833558559417725","35","0.09983386099338531","20.36383056640625"
"kitchen-partial-v0_DiffusionQL_HumanComparativeRewardMlp_HumanKeypointPredictorMlp_43","crashed","-","","","2024-09-07T22:08:48.000Z","172685","","256","2000000","cpu","0.99","kitchen-partial-v0","500","kitchen-partial-v0","../../rlhf/model_logs/kitchen-partial-v0/epoch_1000_query_25_len_100_seed_0/models/human_keypoint_predictor_mlp.pt","/scratch/slurm_tmpdir/job_24180872","1000000","10","kitchen-partial-v0_DiffusionQL_HumanComparativeRewardMlp_HumanKeypointPredictorMlp_43","true","false","Uni-RLHF-DiffusionQL-Extended","[""../../rlhf/model_logs/kitchen-partial-v0/epoch_1000_query_200_len_100_seed_0/models/human_comparative_reward_mlp.pt""]","43","0.005","0.34370318055152893","-0.9986955523490906","0.1388430893421173","3.0499355792999268","0.20063722133636477","35","0.14383657276630402","29.338882446289062"
"kitchen-partial-v0_DiffusionQL_HumanEvaluativeRewardMlp_HumanKeypointPredictorMlp_43","crashed","-","","","2024-09-07T22:08:48.000Z","172684","","256","2000000","cpu","0.99","kitchen-partial-v0","500","kitchen-partial-v0","../../rlhf/model_logs/kitchen-partial-v0/epoch_1000_query_25_len_100_seed_0/models/human_keypoint_predictor_mlp.pt","/scratch/slurm_tmpdir/job_24180873","1000000","10","kitchen-partial-v0_DiffusionQL_HumanEvaluativeRewardMlp_HumanKeypointPredictorMlp_43","true","false","Uni-RLHF-DiffusionQL-Extended","[""../../rlhf/model_logs/kitchen-partial-v0/epoch_1000_query_200_len_100_seed_0/models/human_evaluative_reward_mlp.pt""]","43","0.005","0.25746503472328186","-1.0004535913467407","0.08868032693862915","2.496708869934082","0.18612921237945557","35","0.09368259459733964","19.986461639404297"
"kitchen-mixed-v0_DiffusionQL_RelabeledEvaluativeRewardMlp_43","crashed","-","","","2024-09-07T22:08:45.000Z","172685","","256","2000000","cpu","0.99","kitchen-mixed-v0","500","kitchen-mixed-v0","","/scratch/slurm_tmpdir/job_24180868","1000000","10","kitchen-mixed-v0_DiffusionQL_RelabeledEvaluativeRewardMlp_43","true","false","Uni-RLHF-DiffusionQL-Extended","[""../../rlhf/model_logs/kitchen-mixed-v0/epoch_1000_query_200_len_100_seed_0/models/relabeled_evaluative_reward_mlp.pt""]","43","0.005","0.2933405339717865","-0.9996766448020936","0.1045803725719452","1.2277992963790894","0.029423680156469345","35","0.10957875847816469","10.076116561889648"
"kitchen-partial-v0_DiffusionQL_RelabeledComparativeRewardMlp_43","crashed","-","","","2024-09-07T22:08:45.000Z","172685","","256","2000000","cpu","0.99","kitchen-partial-v0","500","kitchen-partial-v0","","/scratch/slurm_tmpdir/job_24180877","1000000","10","kitchen-partial-v0_DiffusionQL_RelabeledComparativeRewardMlp_43","true","false","Uni-RLHF-DiffusionQL-Extended","[""../../rlhf/model_logs/kitchen-partial-v0/epoch_1000_query_200_len_100_seed_0/models/relabeled_comparative_reward_mlp.pt""]","43","0.005","0.22659096121788025","-0.9984950423240662","0.08257923275232315","6.228731632232666","0.45171183347702026","32.5","0.08757171034812927","25.383190155029297"
"kitchen-partial-v0_DiffusionQL_HumanComparativeRewardMlp_HumanEvaluativeRewardMlp_42","crashed","-","","","2024-09-05T08:47:59.000Z","172715","","256","2000000","cpu","0.99","kitchen-partial-v0","500","kitchen-partial-v0","","/scratch/slurm_tmpdir/job_24146700","1000000","10","kitchen-partial-v0_DiffusionQL_HumanComparativeRewardMlp_HumanEvaluativeRewardMlp_42","true","false","Uni-RLHF-DiffusionQL-Extended","[""../../rlhf/model_logs/kitchen-partial-v0/epoch_1000_query_200_len_100_seed_0/models/human_comparative_reward_mlp.pt"",""../../rlhf/model_logs/kitchen-partial-v0/epoch_1000_query_200_len_100_seed_0/models/human_evaluative_reward_mlp.pt""]","42","0.005","0.2903405725955963","-0.9992460012435912","0.1123620942234993","7.506232738494873","0.1813553273677826","32.5","0.11735832691192628","24.55021858215332"
"kitchen-partial-v0_DiffusionQL_HumanKeypointPredictorMlp_43","crashed","-","","","2024-09-07T22:08:47.000Z","172685","","256","2000000","cpu","0.99","kitchen-partial-v0","500","kitchen-partial-v0","../../rlhf/model_logs/kitchen-partial-v0/epoch_1000_query_25_len_100_seed_0/models/human_keypoint_predictor_mlp.pt","/scratch/slurm_tmpdir/job_24180876","1000000","10","kitchen-partial-v0_DiffusionQL_HumanKeypointPredictorMlp_43","true","false","Uni-RLHF-DiffusionQL-Extended","[]","43","0.005","0.2477272003889084","-0.9934785962104796","0.0784740075469017","70.26864624023438","11.591934204101562","32.5","0.08344139903783798","65.79798126220703"
"kitchen-partial-v0_DiffusionQL_RelabeledEvaluativeRewardMlp_42","crashed","-","","","2024-09-05T09:35:25.000Z","172716","","256","2000000","cpu","0.99","kitchen-partial-v0","500","kitchen-partial-v0","","/scratch/slurm_tmpdir/job_24146707","1000000","10","kitchen-partial-v0_DiffusionQL_RelabeledEvaluativeRewardMlp_42","true","false","Uni-RLHF-DiffusionQL-Extended","[""../../rlhf/model_logs/kitchen-partial-v0/epoch_1000_query_200_len_100_seed_0/models/relabeled_evaluative_reward_mlp.pt""]","42","0.005","0.2969150245189667","-1.00221049785614","0.10716725885868073","0.7163230180740356","0.04050443693995476","32.5","0.11217831075191498","6.009990215301514"
"kitchen-mixed-v0_DiffusionQL_HumanComparativeRewardMlp_HumanEvaluativeRewardMlp_HumanKeypointPredictorMlp_42","crashed","-","","","2024-09-05T08:34:49.000Z","172685","","256","2000000","cpu","0.99","kitchen-mixed-v0","500","kitchen-mixed-v0","../../rlhf/model_logs/kitchen-mixed-v0/epoch_1000_query_25_len_100_seed_0/models/human_keypoint_predictor_mlp.pt","/scratch/slurm_tmpdir/job_24146689","1000000","10","kitchen-mixed-v0_DiffusionQL_HumanComparativeRewardMlp_HumanEvaluativeRewardMlp_HumanKeypointPredictorMlp_42","true","false","Uni-RLHF-DiffusionQL-Extended","[""../../rlhf/model_logs/kitchen-mixed-v0/epoch_1000_query_200_len_100_seed_0/models/human_comparative_reward_mlp.pt"",""../../rlhf/model_logs/kitchen-mixed-v0/epoch_1000_query_200_len_100_seed_0/models/human_evaluative_reward_mlp.pt""]","42","0.005","0.3512299060821533","-0.9995046854019164","0.12349101901054382","5.754055500030518","0.35690629482269287","32.5","0.12848854064941406","42.15070343017578"
"kitchen-partial-v0_DiffusionQL_RelabeledComparativeRewardMlp_44","crashed","-","","","2024-09-09T22:09:07.000Z","172687","","256","2000000","cpu","0.99","kitchen-partial-v0","500","kitchen-partial-v0","","/scratch/slurm_tmpdir/job_24181010","1000000","10","kitchen-partial-v0_DiffusionQL_RelabeledComparativeRewardMlp_44","true","false","Uni-RLHF-DiffusionQL-Extended","[""../../rlhf/model_logs/kitchen-partial-v0/epoch_1000_query_200_len_100_seed_0/models/relabeled_comparative_reward_mlp.pt""]","44","0.005","0.3317280113697052","-1.002078652381897","0.11046479642391203","4.98203182220459","0.4330771267414093","32.5","0.11547519266605376","25.469850540161133"
"kitchen-partial-v0_DiffusionQL_HumanComparativeRewardMlp_44","crashed","-","","","2024-09-07T22:24:47.000Z","172745","","256","2000000","cpu","0.99","kitchen-partial-v0","500","kitchen-partial-v0","","/scratch/slurm_tmpdir/job_24181007","1000000","10","kitchen-partial-v0_DiffusionQL_HumanComparativeRewardMlp_44","true","false","Uni-RLHF-DiffusionQL-Extended","[""../../rlhf/model_logs/kitchen-partial-v0/epoch_1000_query_200_len_100_seed_0/models/human_comparative_reward_mlp.pt""]","44","0.005","0.3926615417003632","-1.0002729892730713","0.11895903944969176","8.223276138305664","0.19830407202243805","32.5","0.12396040558815002","31.664386749267575"
"kitchen-complete-v0_DiffusionQL_HumanKeypointPredictorMlp_43","crashed","-","","","2024-09-07T22:08:44.000Z","172686","","256","2000000","cpu","0.99","kitchen-complete-v0","500","kitchen-complete-v0","../../rlhf/model_logs/kitchen-complete-v0/epoch_1000_query_25_len_100_seed_0/models/human_keypoint_predictor_mlp.pt","/scratch/slurm_tmpdir/job_24180856","1000000","10","kitchen-complete-v0_DiffusionQL_HumanKeypointPredictorMlp_43","true","false","Uni-RLHF-DiffusionQL-Extended","[]","43","0.005","0.3546340763568878","-0.9999107718467712","0.020782507956027985","13.691000938415527","0.1649404913187027","22.5","0.025782061740756035","124.58751678466795"
"kitchen-partial-v0_DiffusionQL_RelabeledEvaluativeRewardMlp_43","crashed","-","","","2024-09-07T22:08:45.000Z","172685","","256","2000000","cpu","0.99","kitchen-partial-v0","500","kitchen-partial-v0","","/scratch/slurm_tmpdir/job_24180878","1000000","10","kitchen-partial-v0_DiffusionQL_RelabeledEvaluativeRewardMlp_43","true","false","Uni-RLHF-DiffusionQL-Extended","[""../../rlhf/model_logs/kitchen-partial-v0/epoch_1000_query_200_len_100_seed_0/models/relabeled_evaluative_reward_mlp.pt""]","43","0.005","0.2374110966920853","-0.9998738169670104","0.10322621464729308","0.7957990169525146","0.021504970267415047","22.5","0.10822558403015135","6.343059062957764"
"kitchen-partial-v0_DiffusionQL_HumanComparativeRewardMlp_42","crashed","-","","","2024-09-05T09:02:27.000Z","172687","","256","2000000","cpu","0.99","kitchen-partial-v0","500","kitchen-partial-v0","","/scratch/slurm_tmpdir/job_24146703","1000000","10","kitchen-partial-v0_DiffusionQL_HumanComparativeRewardMlp_42","true","false","Uni-RLHF-DiffusionQL-Extended","[""../../rlhf/model_logs/kitchen-partial-v0/epoch_1000_query_200_len_100_seed_0/models/human_comparative_reward_mlp.pt""]","42","0.005","0.24377849698066711","-1.0010539293289185","0.08427255600690842","11.74729347229004","0.2645016312599182","22.5","0.08927782624959946","28.412841796875"
"kitchen-partial-v0_DiffusionQL_HumanEvaluativeRewardMlp_44","crashed","-","","","2024-09-07T22:24:47.000Z","172728","","256","2000000","cpu","0.99","kitchen-partial-v0","500","kitchen-partial-v0","","/scratch/slurm_tmpdir/job_24181008","1000000","10","kitchen-partial-v0_DiffusionQL_HumanEvaluativeRewardMlp_44","true","false","Uni-RLHF-DiffusionQL-Extended","[""../../rlhf/model_logs/kitchen-partial-v0/epoch_1000_query_200_len_100_seed_0/models/human_evaluative_reward_mlp.pt""]","44","0.005","0.26414188742637634","-0.9997552037239076","0.10559868812561037","3.8642070293426514","0.1963794231414795","22.5","0.11059746146202087","19.15735244750977"
"kitchen-partial-v0_DiffusionQL_44","crashed","-","","","2024-09-07T22:18:39.000Z","172745","","256","2000000","cpu","0.99","kitchen-partial-v0","500","kitchen-partial-v0","","/scratch/slurm_tmpdir/job_24181002","1000000","10","kitchen-partial-v0_DiffusionQL_44","true","false","Uni-RLHF-DiffusionQL-Extended","[]","44","0.005","0.2275708764791489","-0.9982558488845824","0.0789455994963646","101.5457763671875","8.689262390136719","22.5","0.08393687754869461","73.54913330078125"
"kitchen-partial-v0_DiffusionQL_HumanComparativeRewardMlp_HumanEvaluativeRewardMlp_HumanKeypointPredictorMlp_44","crashed","-","","","2024-09-07T22:19:32.000Z","172746","","256","2000000","cpu","0.99","kitchen-partial-v0","500","kitchen-partial-v0","../../rlhf/model_logs/kitchen-partial-v0/epoch_1000_query_25_len_100_seed_0/models/human_keypoint_predictor_mlp.pt","/scratch/slurm_tmpdir/job_24181003","1000000","10","kitchen-partial-v0_DiffusionQL_HumanComparativeRewardMlp_HumanEvaluativeRewardMlp_HumanKeypointPredictorMlp_44","true","false","Uni-RLHF-DiffusionQL-Extended","[""../../rlhf/model_logs/kitchen-partial-v0/epoch_1000_query_200_len_100_seed_0/models/human_comparative_reward_mlp.pt"",""../../rlhf/model_logs/kitchen-partial-v0/epoch_1000_query_200_len_100_seed_0/models/human_evaluative_reward_mlp.pt""]","44","0.005","0.3041631281375885","-0.9986241459846495","0.10274603962898254","8.577156066894531","0.20704439282417297","22.5","0.10773915797472","25.45747756958008"
"kitchen-partial-v0_DiffusionQL_RelabeledEvaluativeRewardMlp_44","crashed","-","","","2024-09-09T22:09:07.000Z","172687","","256","2000000","cpu","0.99","kitchen-partial-v0","500","kitchen-partial-v0","","/scratch/slurm_tmpdir/job_24181011","1000000","10","kitchen-partial-v0_DiffusionQL_RelabeledEvaluativeRewardMlp_44","true","false","Uni-RLHF-DiffusionQL-Extended","[""../../rlhf/model_logs/kitchen-partial-v0/epoch_1000_query_200_len_100_seed_0/models/relabeled_evaluative_reward_mlp.pt""]","44","0.005","0.25425973534584045","-0.9991483092308044","0.09460309892892838","0.8358262777328491","0.02788456529378891","20","0.09959883987903596","6.005960464477539"
"kitchen-partial-v0_DiffusionQL_HumanComparativeRewardMlp_HumanKeypointPredictorMlp_44","crashed","-","","","2024-09-07T22:20:32.000Z","172755","","256","2000000","cpu","0.99","kitchen-partial-v0","500","kitchen-partial-v0","../../rlhf/model_logs/kitchen-partial-v0/epoch_1000_query_25_len_100_seed_0/models/human_keypoint_predictor_mlp.pt","/scratch/slurm_tmpdir/job_24181005","1000000","10","kitchen-partial-v0_DiffusionQL_HumanComparativeRewardMlp_HumanKeypointPredictorMlp_44","true","false","Uni-RLHF-DiffusionQL-Extended","[""../../rlhf/model_logs/kitchen-partial-v0/epoch_1000_query_200_len_100_seed_0/models/human_comparative_reward_mlp.pt""]","44","0.005","0.3184414803981781","-0.9991199374198914","0.11059877276420592","3.8505818843841553","0.1922886073589325","15","0.11559437215328217","29.629823684692383"
"kitchen-partial-v0_DiffusionQL_HumanComparativeRewardMlp_HumanKeypointPredictorMlp_42","crashed","-","","","2024-09-05T08:48:13.000Z","172747","","256","2000000","cpu","0.99","kitchen-partial-v0","500","kitchen-partial-v0","../../rlhf/model_logs/kitchen-partial-v0/epoch_1000_query_25_len_100_seed_0/models/human_keypoint_predictor_mlp.pt","/scratch/slurm_tmpdir/job_24146701","1000000","10","kitchen-partial-v0_DiffusionQL_HumanComparativeRewardMlp_HumanKeypointPredictorMlp_42","true","false","Uni-RLHF-DiffusionQL-Extended","[""../../rlhf/model_logs/kitchen-partial-v0/epoch_1000_query_200_len_100_seed_0/models/human_comparative_reward_mlp.pt""]","42","0.005","0.2921162545681","-0.9995121359825134","0.08988075703382492","2.492020606994629","0.22695747017860413","15","0.09487831592559814","31.153608322143555"
"kitchen-complete-v0_DiffusionQL_HumanComparativeRewardMlp_HumanKeypointPredictorMlp_43","crashed","-","","","2024-09-07T22:08:44.000Z","172685","","256","2000000","cpu","0.99","kitchen-complete-v0","500","kitchen-complete-v0","../../rlhf/model_logs/kitchen-complete-v0/epoch_1000_query_25_len_100_seed_0/models/human_keypoint_predictor_mlp.pt","/scratch/slurm_tmpdir/job_24180852","1000000","10","kitchen-complete-v0_DiffusionQL_HumanComparativeRewardMlp_HumanKeypointPredictorMlp_43","true","false","Uni-RLHF-DiffusionQL-Extended","[""../../rlhf/model_logs/kitchen-complete-v0/epoch_1000_query_200_len_100_seed_0/models/human_comparative_reward_mlp.pt""]","43","0.005","0.4744019508361816","-0.9997989535331726","0.02924545668065548","1.8253482580184937","0.006741813383996487","12.5","0.03424445167183876","30.23638916015625"
"kitchen-complete-v0_DiffusionQL_HumanComparativeRewardMlp_HumanKeypointPredictorMlp_42","crashed","-","","","2024-09-05T08:34:45.000Z","172686","","256","2000000","cpu","0.99","kitchen-complete-v0","500","kitchen-complete-v0","../../rlhf/model_logs/kitchen-complete-v0/epoch_1000_query_25_len_100_seed_0/models/human_keypoint_predictor_mlp.pt","/scratch/slurm_tmpdir/job_24146681","1000000","10","kitchen-complete-v0_DiffusionQL_HumanComparativeRewardMlp_HumanKeypointPredictorMlp_42","true","false","Uni-RLHF-DiffusionQL-Extended","[""../../rlhf/model_logs/kitchen-complete-v0/epoch_1000_query_200_len_100_seed_0/models/human_comparative_reward_mlp.pt""]","42","0.005","0.37657782435417175","-1.0005306005477903","0.01796797104179859","1.140782594680786","0.005705743096768856","12.5","0.02297062426805496","28.51305770874023"
"kitchen-complete-v0_DiffusionQL_HumanEvaluativeRewardMlp_43","failed","-","","","2024-09-07T22:08:44.000Z","633","","256","2000000","cpu","0.99","kitchen-complete-v0","500","kitchen-complete-v0","","/scratch/slurm_tmpdir/job_24180855","1000000","10","kitchen-complete-v0_DiffusionQL_HumanEvaluativeRewardMlp_43","true","false","Uni-RLHF-DiffusionQL-Extended","[""../../rlhf/model_logs/kitchen-complete-v0/epoch_1000_query_200_len_100_seed_0/models/human_evaluative_reward_mlp.pt""]","43","0.005","NaN","NaN","NaN","NaN","NaN","","NaN","NaN"
"kitchen-complete-v0_DiffusionQL_HumanComparativeRewardMlp_HumanEvaluativeRewardMlp_44","failed","-","","","2024-09-07T22:15:36.000Z","474","","256","2000000","cpu","0.99","kitchen-complete-v0","500","kitchen-complete-v0","","/scratch/slurm_tmpdir/job_24180984","1000000","10","kitchen-complete-v0_DiffusionQL_HumanComparativeRewardMlp_HumanEvaluativeRewardMlp_44","true","false","Uni-RLHF-DiffusionQL-Extended","[""../../rlhf/model_logs/kitchen-complete-v0/epoch_1000_query_200_len_100_seed_0/models/human_comparative_reward_mlp.pt"",""../../rlhf/model_logs/kitchen-complete-v0/epoch_1000_query_200_len_100_seed_0/models/human_evaluative_reward_mlp.pt""]","44","0.005","NaN","NaN","NaN","NaN","NaN","","NaN","NaN"
"kitchen-complete-v0_DiffusionQL_HumanComparativeRewardMlp_HumanEvaluativeRewardMlp_HumanKeypointPredictorMlp_44","failed","-","","","2024-09-07T22:15:36.000Z","483","","256","2000000","cpu","0.99","kitchen-complete-v0","500","kitchen-complete-v0","../../rlhf/model_logs/kitchen-complete-v0/epoch_1000_query_25_len_100_seed_0/models/human_keypoint_predictor_mlp.pt","/scratch/slurm_tmpdir/job_24180983","1000000","10","kitchen-complete-v0_DiffusionQL_HumanComparativeRewardMlp_HumanEvaluativeRewardMlp_HumanKeypointPredictorMlp_44","true","false","Uni-RLHF-DiffusionQL-Extended","[""../../rlhf/model_logs/kitchen-complete-v0/epoch_1000_query_200_len_100_seed_0/models/human_comparative_reward_mlp.pt"",""../../rlhf/model_logs/kitchen-complete-v0/epoch_1000_query_200_len_100_seed_0/models/human_evaluative_reward_mlp.pt""]","44","0.005","NaN","NaN","NaN","NaN","NaN","","NaN","NaN"
"kitchen-complete-v0_DiffusionQL_HumanComparativeRewardMlp_HumanEvaluativeRewardMlp_HumanKeypointPredictorMlp_42","failed","-","","","2024-09-05T08:34:45.000Z","636","","256","2000000","cpu","0.99","kitchen-complete-v0","500","kitchen-complete-v0","../../rlhf/model_logs/kitchen-complete-v0/epoch_1000_query_25_len_100_seed_0/models/human_keypoint_predictor_mlp.pt","/scratch/slurm_tmpdir/job_24146679","1000000","10","kitchen-complete-v0_DiffusionQL_HumanComparativeRewardMlp_HumanEvaluativeRewardMlp_HumanKeypointPredictorMlp_42","true","false","Uni-RLHF-DiffusionQL-Extended","[""../../rlhf/model_logs/kitchen-complete-v0/epoch_1000_query_200_len_100_seed_0/models/human_comparative_reward_mlp.pt"",""../../rlhf/model_logs/kitchen-complete-v0/epoch_1000_query_200_len_100_seed_0/models/human_evaluative_reward_mlp.pt""]","42","0.005","NaN","NaN","NaN","NaN","NaN","","NaN","NaN"
"kitchen-complete-v0_DiffusionQL_HumanEvaluativeRewardMlp_44","failed","-","","","2024-09-07T22:15:42.000Z","466","","256","2000000","cpu","0.99","kitchen-complete-v0","500","kitchen-complete-v0","","/scratch/slurm_tmpdir/job_24180988","1000000","10","kitchen-complete-v0_DiffusionQL_HumanEvaluativeRewardMlp_44","true","false","Uni-RLHF-DiffusionQL-Extended","[""../../rlhf/model_logs/kitchen-complete-v0/epoch_1000_query_200_len_100_seed_0/models/human_evaluative_reward_mlp.pt""]","44","0.005","NaN","NaN","NaN","NaN","NaN","","NaN","NaN"
"kitchen-complete-v0_DiffusionQL_HumanComparativeRewardMlp_HumanEvaluativeRewardMlp_43","failed","-","","","2024-09-07T22:08:44.000Z","564","","256","2000000","cpu","0.99","kitchen-complete-v0","500","kitchen-complete-v0","","/scratch/slurm_tmpdir/job_24180851","1000000","10","kitchen-complete-v0_DiffusionQL_HumanComparativeRewardMlp_HumanEvaluativeRewardMlp_43","true","false","Uni-RLHF-DiffusionQL-Extended","[""../../rlhf/model_logs/kitchen-complete-v0/epoch_1000_query_200_len_100_seed_0/models/human_comparative_reward_mlp.pt"",""../../rlhf/model_logs/kitchen-complete-v0/epoch_1000_query_200_len_100_seed_0/models/human_evaluative_reward_mlp.pt""]","43","0.005","NaN","NaN","NaN","NaN","NaN","","NaN","NaN"
"kitchen-complete-v0_DiffusionQL_HumanEvaluativeRewardMlp_42","failed","-","","","2024-09-05T08:34:45.000Z","502","","256","2000000","cpu","0.99","kitchen-complete-v0","500","kitchen-complete-v0","","/scratch/slurm_tmpdir/job_24146684","1000000","10","kitchen-complete-v0_DiffusionQL_HumanEvaluativeRewardMlp_42","true","false","Uni-RLHF-DiffusionQL-Extended","[""../../rlhf/model_logs/kitchen-complete-v0/epoch_1000_query_200_len_100_seed_0/models/human_evaluative_reward_mlp.pt""]","42","0.005","NaN","NaN","NaN","NaN","NaN","","NaN","NaN"
"kitchen-complete-v0_DiffusionQL_HumanComparativeRewardMlp_HumanEvaluativeRewardMlp_42","failed","-","","","2024-09-05T08:34:45.000Z","476","","256","2000000","cpu","0.99","kitchen-complete-v0","500","kitchen-complete-v0","","/scratch/slurm_tmpdir/job_24146680","1000000","10","kitchen-complete-v0_DiffusionQL_HumanComparativeRewardMlp_HumanEvaluativeRewardMlp_42","true","false","Uni-RLHF-DiffusionQL-Extended","[""../../rlhf/model_logs/kitchen-complete-v0/epoch_1000_query_200_len_100_seed_0/models/human_comparative_reward_mlp.pt"",""../../rlhf/model_logs/kitchen-complete-v0/epoch_1000_query_200_len_100_seed_0/models/human_evaluative_reward_mlp.pt""]","42","0.005","NaN","NaN","NaN","NaN","NaN","","NaN","NaN"
"kitchen-complete-v0_DiffusionQL_HumanEvaluativeRewardMlp_HumanKeypointPredictorMlp_42","failed","-","","","2024-09-05T08:34:45.000Z","491","","256","2000000","cpu","0.99","kitchen-complete-v0","500","kitchen-complete-v0","../../rlhf/model_logs/kitchen-complete-v0/epoch_1000_query_25_len_100_seed_0/models/human_keypoint_predictor_mlp.pt","/scratch/slurm_tmpdir/job_24146682","1000000","10","kitchen-complete-v0_DiffusionQL_HumanEvaluativeRewardMlp_HumanKeypointPredictorMlp_42","true","false","Uni-RLHF-DiffusionQL-Extended","[""../../rlhf/model_logs/kitchen-complete-v0/epoch_1000_query_200_len_100_seed_0/models/human_evaluative_reward_mlp.pt""]","42","0.005","NaN","NaN","NaN","NaN","NaN","","NaN","NaN"
"kitchen-complete-v0_DiffusionQL_HumanEvaluativeRewardMlp_HumanKeypointPredictorMlp_44","failed","-","","","2024-09-07T22:15:36.000Z","479","","256","2000000","cpu","0.99","kitchen-complete-v0","500","kitchen-complete-v0","../../rlhf/model_logs/kitchen-complete-v0/epoch_1000_query_25_len_100_seed_0/models/human_keypoint_predictor_mlp.pt","/scratch/slurm_tmpdir/job_24180986","1000000","10","kitchen-complete-v0_DiffusionQL_HumanEvaluativeRewardMlp_HumanKeypointPredictorMlp_44","true","false","Uni-RLHF-DiffusionQL-Extended","[""../../rlhf/model_logs/kitchen-complete-v0/epoch_1000_query_200_len_100_seed_0/models/human_evaluative_reward_mlp.pt""]","44","0.005","NaN","NaN","NaN","NaN","NaN","","NaN","NaN"
"kitchen-complete-v0_DiffusionQL_HumanEvaluativeRewardMlp_HumanKeypointPredictorMlp_43","failed","-","","","2024-09-07T22:08:44.000Z","598","","256","2000000","cpu","0.99","kitchen-complete-v0","500","kitchen-complete-v0","../../rlhf/model_logs/kitchen-complete-v0/epoch_1000_query_25_len_100_seed_0/models/human_keypoint_predictor_mlp.pt","/scratch/slurm_tmpdir/job_24180853","1000000","10","kitchen-complete-v0_DiffusionQL_HumanEvaluativeRewardMlp_HumanKeypointPredictorMlp_43","true","false","Uni-RLHF-DiffusionQL-Extended","[""../../rlhf/model_logs/kitchen-complete-v0/epoch_1000_query_200_len_100_seed_0/models/human_evaluative_reward_mlp.pt""]","43","0.005","NaN","NaN","NaN","NaN","NaN","","NaN","NaN"
"kitchen-complete-v0_DiffusionQL_HumanComparativeRewardMlp_HumanEvaluativeRewardMlp_HumanKeypointPredictorMlp_43","failed","-","","","2024-09-07T22:08:44.000Z","503","","256","2000000","cpu","0.99","kitchen-complete-v0","500","kitchen-complete-v0","../../rlhf/model_logs/kitchen-complete-v0/epoch_1000_query_25_len_100_seed_0/models/human_keypoint_predictor_mlp.pt","/scratch/slurm_tmpdir/job_24180850","1000000","10","kitchen-complete-v0_DiffusionQL_HumanComparativeRewardMlp_HumanEvaluativeRewardMlp_HumanKeypointPredictorMlp_43","true","false","Uni-RLHF-DiffusionQL-Extended","[""../../rlhf/model_logs/kitchen-complete-v0/epoch_1000_query_200_len_100_seed_0/models/human_comparative_reward_mlp.pt"",""../../rlhf/model_logs/kitchen-complete-v0/epoch_1000_query_200_len_100_seed_0/models/human_evaluative_reward_mlp.pt""]","43","0.005","NaN","NaN","NaN","NaN","NaN","","NaN","NaN"