"Name","State","Notes","User","Tags","Created","Runtime","Sweep","actor_lr","batch_size","beta","buffer_size","device","discount","env","eval_freq","group","iql_deterministic","iql_tau","keypoint_predictor_path","load_model","max_timesteps","n_episodes","name","normalize","normalize_reward","project","qf_lr","reward_model_paths","seed","tau","vf_lr","log_dir","actor_loss","d4rl_normalized_score","q_loss","value_loss"
"kitchen-complete-v0_IQL_HumanKeypointPredictorMlp_1","crashed","-","","","2024-09-04T06:40:38.000Z","21481","","0.0003","256","10","2000000","cpu","0.99","kitchen-complete-v0","1000","kitchen-complete-v0","false","0.9","../../rlhf/model_logs/kitchen-complete-v0/epoch_1000_query_25_len_100_seed_0/models/human_keypoint_predictor_mlp.pt","","1000000","10","kitchen-complete-v0_IQL_HumanKeypointPredictorMlp_1","true","false","Uni-RLHF-IQL","0.0003","[]","1","0.005","0.0003","/scratch/slurm_tmpdir/job_24140475","-16.12249183654785","60","0.019460445269942284","0.0023386324755847454"
"kitchen-complete-v0_IQL_HumanComparativeRewardMlp_HumanKeypointPredictorMlp_2","crashed","-","","","2024-09-04T15:35:19.000Z","21571","","0.0003","256","10","2000000","cpu","0.99","kitchen-complete-v0","1000","kitchen-complete-v0","false","0.9","../../rlhf/model_logs/kitchen-complete-v0/epoch_1000_query_25_len_100_seed_0/models/human_keypoint_predictor_mlp.pt","","1000000","10","kitchen-complete-v0_IQL_HumanComparativeRewardMlp_HumanKeypointPredictorMlp_2","true","false","Uni-RLHF-IQL","0.0003","[""../../rlhf/model_logs/kitchen-complete-v0/epoch_1000_query_200_len_100_seed_0/models/human_comparative_reward_mlp.pt""]","2","0.005","0.0003","/scratch/slurm_tmpdir/job_24145501","-38.656002044677734","57.49999999999999","0.0020830905996263027","0.0002060593687929213"
"kitchen-mixed-v0_IQL_HumanComparativeRewardMlp_HumanKeypointPredictorMlp_1","crashed","-","","","2024-09-04T06:40:41.000Z","21474","","0.0003","256","10","2000000","cpu","0.99","kitchen-mixed-v0","1000","kitchen-mixed-v0","false","0.9","../../rlhf/model_logs/kitchen-mixed-v0/epoch_1000_query_25_len_100_seed_0/models/human_keypoint_predictor_mlp.pt","","1000000","10","kitchen-mixed-v0_IQL_HumanComparativeRewardMlp_HumanKeypointPredictorMlp_1","true","false","Uni-RLHF-IQL","0.0003","[""../../rlhf/model_logs/kitchen-mixed-v0/epoch_1000_query_200_len_100_seed_0/models/human_comparative_reward_mlp.pt""]","1","0.005","0.0003","/scratch/slurm_tmpdir/job_24140481","-158.7436981201172","47.5","146.25543212890625","28.71189308166504"
"kitchen-mixed-v0_IQL_1","crashed","-","","","2024-09-04T06:40:37.000Z","21481","","0.0003","256","10","2000000","cpu","0.99","kitchen-mixed-v0","1000","kitchen-mixed-v0","false","0.9","","","1000000","10","kitchen-mixed-v0_IQL_1","true","false","Uni-RLHF-IQL","0.0003","[]","1","0.005","0.0003","/scratch/slurm_tmpdir/job_24140478","-121.4897003173828","47.5","2.9121789932250977","0.4664041996002197"
"kitchen-complete-v0_IQL_HumanKeypointPredictorMlp_0","crashed","-","","","2024-09-03T13:52:20.000Z","21563","","0.0003","256","10","2000000","cpu","0.99","kitchen-complete-v0","1000","kitchen-complete-v0","false","0.9","../../rlhf/model_logs/kitchen-complete-v0/epoch_1000_query_25_len_100_seed_0/models/human_keypoint_predictor_mlp.pt","","1000000","10","kitchen-complete-v0_IQL_HumanKeypointPredictorMlp_0","true","false","Uni-RLHF-IQL","0.0003","[]","0","0.005","0.0003","","-1.1072449684143066","45","1.3079416751861572","0.05937149375677109"
"kitchen-partial-v0_IQL_2","finished","-","","","2024-09-04T16:18:14.000Z","20967","","0.0003","256","10","2000000","cpu","0.99","kitchen-partial-v0","1000","kitchen-partial-v0","false","0.9","","","1000000","10","kitchen-partial-v0_IQL_2","true","false","Uni-RLHF-IQL","0.0003","[]","2","0.005","0.0003","/scratch/slurm_tmpdir/job_24145518","-155.2716827392578","45","2.8920514583587646","0.5377458333969116"
"kitchen-partial-v0_IQL_HumanComparativeRewardMlp_2","crashed","-","","","2024-09-04T16:24:24.000Z","21541","","0.0003","256","10","2000000","cpu","0.99","kitchen-partial-v0","1000","kitchen-partial-v0","false","0.9","","","1000000","10","kitchen-partial-v0_IQL_HumanComparativeRewardMlp_2","true","false","Uni-RLHF-IQL","0.0003","[""../../rlhf/model_logs/kitchen-partial-v0/epoch_1000_query_200_len_100_seed_0/models/human_comparative_reward_mlp.pt""]","2","0.005","0.0003","/scratch/slurm_tmpdir/job_24145523","-73.82288360595703","45","0.7585777044296265","0.210185706615448"
"kitchen-mixed-v0_IQL_RelabeledEvaluativeRewardMlp_1","crashed","-","","","2024-09-04T06:40:39.000Z","21481","","0.0003","256","10","2000000","cpu","0.99","kitchen-mixed-v0","1000","kitchen-mixed-v0","false","0.9","","","1000000","10","kitchen-mixed-v0_IQL_RelabeledEvaluativeRewardMlp_1","true","false","Uni-RLHF-IQL","0.0003","[""../../rlhf/model_logs/kitchen-mixed-v0/epoch_1000_query_200_len_100_seed_0/models/relabeled_evaluative_reward_mlp.pt""]","1","0.005","0.0003","/scratch/slurm_tmpdir/job_24140487","-105.36214447021484","45","12.910662651062012","6.169685363769531"
"kitchen-complete-v0_IQL_HumanComparativeRewardMlp_HumanKeypointPredictorMlp_1","crashed","-","","","2024-09-04T06:40:38.000Z","21481","","0.0003","256","10","2000000","cpu","0.99","kitchen-complete-v0","1000","kitchen-complete-v0","false","0.9","../../rlhf/model_logs/kitchen-complete-v0/epoch_1000_query_25_len_100_seed_0/models/human_keypoint_predictor_mlp.pt","","1000000","10","kitchen-complete-v0_IQL_HumanComparativeRewardMlp_HumanKeypointPredictorMlp_1","true","false","Uni-RLHF-IQL","0.0003","[""../../rlhf/model_logs/kitchen-complete-v0/epoch_1000_query_200_len_100_seed_0/models/human_comparative_reward_mlp.pt""]","1","0.005","0.0003","/scratch/slurm_tmpdir/job_24140471","-51.97980880737305","45","0.0000710538515704684","0.00000849683510750765"
"kitchen-mixed-v0_IQL_HumanComparativeRewardMlp_HumanKeypointPredictorMlp_0","crashed","-","","","2024-09-03T19:15:07.000Z","21481","","0.0003","256","10","2000000","cpu","0.99","kitchen-mixed-v0","1000","kitchen-mixed-v0","false","0.9","../../rlhf/model_logs/kitchen-mixed-v0/epoch_1000_query_25_len_100_seed_0/models/human_keypoint_predictor_mlp.pt","","1000000","10","kitchen-mixed-v0_IQL_HumanComparativeRewardMlp_HumanKeypointPredictorMlp_0","true","false","Uni-RLHF-IQL","0.0003","[""../../rlhf/model_logs/kitchen-mixed-v0/epoch_1000_query_200_len_100_seed_0/models/human_comparative_reward_mlp.pt""]","0","0.005","0.0003","","-201.337890625","42.5","32.10677719116211","47.15202713012695"
"kitchen-partial-v0_IQL_HumanKeypointPredictorMlp_2","crashed","-","","","2024-09-04T16:24:26.000Z","21541","","0.0003","256","10","2000000","cpu","0.99","kitchen-partial-v0","1000","kitchen-partial-v0","false","0.9","../../rlhf/model_logs/kitchen-partial-v0/epoch_1000_query_25_len_100_seed_0/models/human_keypoint_predictor_mlp.pt","","1000000","10","kitchen-partial-v0_IQL_HumanKeypointPredictorMlp_2","true","false","Uni-RLHF-IQL","0.0003","[]","2","0.005","0.0003","/scratch/slurm_tmpdir/job_24145525","-249.70127868652344","40","7.166132926940918","1.5324697494506836"
"kitchen-complete-v0_IQL_2","crashed","-","","","2024-09-04T15:33:31.000Z","21483","","0.0003","256","10","2000000","cpu","0.99","kitchen-complete-v0","1000","kitchen-complete-v0","false","0.9","","","1000000","10","kitchen-complete-v0_IQL_2","true","false","Uni-RLHF-IQL","0.0003","[]","2","0.005","0.0003","/scratch/slurm_tmpdir/job_24145498","-28.2430477142334","40","0.010532941669225693","0.0007715055253356695"
"kitchen-mixed-v0_IQL_0","crashed","-","","","2024-09-01T10:27:56.000Z","21482","","0.0003","256","10","2000000","cpu","0.99","kitchen-mixed-v0","1000","kitchen-mixed-v0","false","0.9","","","1000000","10","kitchen-mixed-v0_IQL_0","true","false","Uni-RLHF","0.0003","[]","0","0.005","0.0003","","-70.8451919555664","40","2.464175224304199","0.496564507484436"
"kitchen-partial-v0_IQL_HumanEvaluativeRewardMlp_0","crashed","-","","","2024-09-03T13:54:27.000Z","21562","","0.0003","256","10","2000000","cpu","0.99","kitchen-partial-v0","1000","kitchen-partial-v0","false","0.9","","","1000000","10","kitchen-partial-v0_IQL_HumanEvaluativeRewardMlp_0","true","false","Uni-RLHF-IQL","0.0003","[""../../rlhf/model_logs/kitchen-partial-v0/epoch_1000_query_200_len_100_seed_0/models/human_evaluative_reward_mlp.pt""]","0","0.005","0.0003","","-84.33881378173828","37.5","2.829834222793579","0.782381534576416"
"kitchen-complete-v0_IQL_RelabeledComparativeRewardMlp_0","crashed","-","","","2024-09-03T13:52:22.000Z","21553","","0.0003","256","10","2000000","cpu","0.99","kitchen-complete-v0","1000","kitchen-complete-v0","false","0.9","","","1000000","10","kitchen-complete-v0_IQL_RelabeledComparativeRewardMlp_0","true","false","Uni-RLHF-IQL","0.0003","[""../../rlhf/model_logs/kitchen-complete-v0/epoch_1000_query_200_len_100_seed_0/models/relabeled_comparative_reward_mlp.pt""]","0","0.005","0.0003","","-40.26328659057617","37.5","0.003181990934535861","0.0002512555802240968"
"kitchen-mixed-v0_IQL_HumanEvaluativeRewardMlp_HumanKeypointPredictorMlp_2","crashed","-","","","2024-09-04T16:11:14.000Z","21571","","0.0003","256","10","2000000","cpu","0.99","kitchen-mixed-v0","1000","kitchen-mixed-v0","false","0.9","../../rlhf/model_logs/kitchen-mixed-v0/epoch_1000_query_25_len_100_seed_0/models/human_keypoint_predictor_mlp.pt","","1000000","10","kitchen-mixed-v0_IQL_HumanEvaluativeRewardMlp_HumanKeypointPredictorMlp_2","true","false","Uni-RLHF-IQL","0.0003","[""../../rlhf/model_logs/kitchen-mixed-v0/epoch_1000_query_200_len_100_seed_0/models/human_evaluative_reward_mlp.pt""]","2","0.005","0.0003","/scratch/slurm_tmpdir/job_24145512","-160.88677978515625","37.5","21.196609497070312","4.084438800811768"
"kitchen-mixed-v0_IQL_HumanComparativeRewardMlp_HumanEvaluativeRewardMlp_HumanKeypointPredictorMlp_1","crashed","-","","","2024-09-04T06:40:43.000Z","21481","","0.0003","256","10","2000000","cpu","0.99","kitchen-mixed-v0","1000","kitchen-mixed-v0","false","0.9","../../rlhf/model_logs/kitchen-mixed-v0/epoch_1000_query_25_len_100_seed_0/models/human_keypoint_predictor_mlp.pt","","1000000","10","kitchen-mixed-v0_IQL_HumanComparativeRewardMlp_HumanEvaluativeRewardMlp_HumanKeypointPredictorMlp_1","true","false","Uni-RLHF-IQL","0.0003","[""../../rlhf/model_logs/kitchen-mixed-v0/epoch_1000_query_200_len_100_seed_0/models/human_comparative_reward_mlp.pt"",""../../rlhf/model_logs/kitchen-mixed-v0/epoch_1000_query_200_len_100_seed_0/models/human_evaluative_reward_mlp.pt""]","1","0.005","0.0003","/scratch/slurm_tmpdir/job_24140479","-160.41526794433594","37.5","156.0177001953125","36.85186767578125"
"kitchen-partial-v0_IQL_HumanComparativeRewardMlp_HumanEvaluativeRewardMlp_1","finished","-","","","2024-09-04T06:40:39.000Z","21401","","0.0003","256","10","2000000","cpu","0.99","kitchen-partial-v0","1000","kitchen-partial-v0","false","0.9","","","1000000","10","kitchen-partial-v0_IQL_HumanComparativeRewardMlp_HumanEvaluativeRewardMlp_1","true","false","Uni-RLHF-IQL","0.0003","[""../../rlhf/model_logs/kitchen-partial-v0/epoch_1000_query_200_len_100_seed_0/models/human_comparative_reward_mlp.pt"",""../../rlhf/model_logs/kitchen-partial-v0/epoch_1000_query_200_len_100_seed_0/models/human_evaluative_reward_mlp.pt""]","1","0.005","0.0003","/scratch/slurm_tmpdir/job_24140490","-66.11363983154297","35","0.9298781156539916","0.2305154055356979"
"kitchen-partial-v0_IQL_HumanEvaluativeRewardMlp_1","crashed","-","","","2024-09-04T06:40:38.000Z","21481","","0.0003","256","10","2000000","cpu","0.99","kitchen-partial-v0","1000","kitchen-partial-v0","false","0.9","","","1000000","10","kitchen-partial-v0_IQL_HumanEvaluativeRewardMlp_1","true","false","Uni-RLHF-IQL","0.0003","[""../../rlhf/model_logs/kitchen-partial-v0/epoch_1000_query_200_len_100_seed_0/models/human_evaluative_reward_mlp.pt""]","1","0.005","0.0003","/scratch/slurm_tmpdir/job_24140494","-115.0167007446289","35","12.9161376953125","5.087626934051514"
"kitchen-partial-v0_IQL_RelabeledComparativeRewardMlp_2","finished","-","","","2024-09-04T16:24:24.000Z","21305","","0.0003","256","10","2000000","cpu","0.99","kitchen-partial-v0","1000","kitchen-partial-v0","false","0.9","","","1000000","10","kitchen-partial-v0_IQL_RelabeledComparativeRewardMlp_2","true","false","Uni-RLHF-IQL","0.0003","[""../../rlhf/model_logs/kitchen-partial-v0/epoch_1000_query_200_len_100_seed_0/models/relabeled_comparative_reward_mlp.pt""]","2","0.005","0.0003","/scratch/slurm_tmpdir/job_24145526","-28.051166534423828","35","0.23816056549549103","0.043800827115774155"
"kitchen-mixed-v0_IQL_RelabeledEvaluativeRewardMlp_2","crashed","-","","","2024-09-04T16:14:22.000Z","21571","","0.0003","256","10","2000000","cpu","0.99","kitchen-mixed-v0","1000","kitchen-mixed-v0","false","0.9","","","1000000","10","kitchen-mixed-v0_IQL_RelabeledEvaluativeRewardMlp_2","true","false","Uni-RLHF-IQL","0.0003","[""../../rlhf/model_logs/kitchen-mixed-v0/epoch_1000_query_200_len_100_seed_0/models/relabeled_evaluative_reward_mlp.pt""]","2","0.005","0.0003","/scratch/slurm_tmpdir/job_24145517","-117.19352722167967","35","2.571438789367676","1.121607542037964"
"kitchen-partial-v0_IQL_HumanComparativeRewardMlp_HumanKeypointPredictorMlp_0","crashed","-","","","2024-09-03T19:24:11.000Z","21565","","0.0003","256","10","2000000","cpu","0.99","kitchen-partial-v0","1000","kitchen-partial-v0","false","0.9","../../rlhf/model_logs/kitchen-partial-v0/epoch_1000_query_25_len_100_seed_0/models/human_keypoint_predictor_mlp.pt","","1000000","10","kitchen-partial-v0_IQL_HumanComparativeRewardMlp_HumanKeypointPredictorMlp_0","true","false","Uni-RLHF-IQL","0.0003","[""../../rlhf/model_logs/kitchen-partial-v0/epoch_1000_query_200_len_100_seed_0/models/human_comparative_reward_mlp.pt""]","0","0.005","0.0003","","-249.219970703125","35","96.8405303955078","49.37519073486328"
"kitchen-complete-v0_IQL_1","crashed","-","","","2024-09-04T06:40:37.000Z","21490","","0.0003","256","10","2000000","cpu","0.99","kitchen-complete-v0","1000","kitchen-complete-v0","false","0.9","","","1000000","10","kitchen-complete-v0_IQL_1","true","false","Uni-RLHF-IQL","0.0003","[]","1","0.005","0.0003","/scratch/slurm_tmpdir/job_24140468","-26.022932052612305","35","0.002837575040757656","0.0004786548961419612"
"kitchen-partial-v0_IQL_HumanEvaluativeRewardMlp_2","crashed","-","","","2024-09-04T16:24:24.000Z","21561","","0.0003","256","10","2000000","cpu","0.99","kitchen-partial-v0","1000","kitchen-partial-v0","false","0.9","","","1000000","10","kitchen-partial-v0_IQL_HumanEvaluativeRewardMlp_2","true","false","Uni-RLHF-IQL","0.0003","[""../../rlhf/model_logs/kitchen-partial-v0/epoch_1000_query_200_len_100_seed_0/models/human_evaluative_reward_mlp.pt""]","2","0.005","0.0003","/scratch/slurm_tmpdir/job_24145524","-232.27032470703125","35","8.871176719665527","5.044680118560791"
"kitchen-mixed-v0_IQL_RelabeledComparativeRewardMlp_1","finished","-","","","2024-09-04T06:40:38.000Z","21152","","0.0003","256","10","2000000","cpu","0.99","kitchen-mixed-v0","1000","kitchen-mixed-v0","false","0.9","","","1000000","10","kitchen-mixed-v0_IQL_RelabeledComparativeRewardMlp_1","true","false","Uni-RLHF-IQL","0.0003","[""../../rlhf/model_logs/kitchen-mixed-v0/epoch_1000_query_200_len_100_seed_0/models/relabeled_comparative_reward_mlp.pt""]","1","0.005","0.0003","/scratch/slurm_tmpdir/job_24140486","-127.21814727783205","35","22.160255432128903","6.866678237915039"
"kitchen-mixed-v0_IQL_RelabeledComparativeRewardMlp_0","crashed","-","","","2024-09-03T13:54:25.000Z","21570","","0.0003","256","10","2000000","cpu","0.99","kitchen-mixed-v0","1000","kitchen-mixed-v0","false","0.9","","","1000000","10","kitchen-mixed-v0_IQL_RelabeledComparativeRewardMlp_0","true","false","Uni-RLHF-IQL","0.0003","[""../../rlhf/model_logs/kitchen-mixed-v0/epoch_1000_query_200_len_100_seed_0/models/relabeled_comparative_reward_mlp.pt""]","0","0.005","0.0003","","-88.73885345458984","35","2.013838768005371","0.5583805441856384"
"kitchen-complete-v0_IQL_HumanComparativeRewardMlp_1","crashed","-","","","2024-09-04T06:40:37.000Z","21478","","0.0003","256","10","2000000","cpu","0.99","kitchen-complete-v0","1000","kitchen-complete-v0","false","0.9","","","1000000","10","kitchen-complete-v0_IQL_HumanComparativeRewardMlp_1","true","false","Uni-RLHF-IQL","0.0003","[""../../rlhf/model_logs/kitchen-complete-v0/epoch_1000_query_200_len_100_seed_0/models/human_comparative_reward_mlp.pt""]","1","0.005","0.0003","/scratch/slurm_tmpdir/job_24140473","-44.95561981201172","32.5","0.0012706730049103498","0.00013466466043610126"
"kitchen-partial-v0_IQL_HumanComparativeRewardMlp_HumanKeypointPredictorMlp_1","crashed","-","","","2024-09-04T06:40:41.000Z","21481","","0.0003","256","10","2000000","cpu","0.99","kitchen-partial-v0","1000","kitchen-partial-v0","false","0.9","../../rlhf/model_logs/kitchen-partial-v0/epoch_1000_query_25_len_100_seed_0/models/human_keypoint_predictor_mlp.pt","","1000000","10","kitchen-partial-v0_IQL_HumanComparativeRewardMlp_HumanKeypointPredictorMlp_1","true","false","Uni-RLHF-IQL","0.0003","[""../../rlhf/model_logs/kitchen-partial-v0/epoch_1000_query_200_len_100_seed_0/models/human_comparative_reward_mlp.pt""]","1","0.005","0.0003","/scratch/slurm_tmpdir/job_24140491","-391.1218566894531","32.5","216.34002685546875","24.44562339782715"
"kitchen-mixed-v0_IQL_RelabeledEvaluativeRewardMlp_0","crashed","-","","","2024-09-03T13:54:33.000Z","21571","","0.0003","256","10","2000000","cpu","0.99","kitchen-mixed-v0","1000","kitchen-mixed-v0","false","0.9","","","1000000","10","kitchen-mixed-v0_IQL_RelabeledEvaluativeRewardMlp_0","true","false","Uni-RLHF-IQL","0.0003","[""../../rlhf/model_logs/kitchen-mixed-v0/epoch_1000_query_200_len_100_seed_0/models/relabeled_evaluative_reward_mlp.pt""]","0","0.005","0.0003","","-43.90523147583008","32.5","5.318149089813232","0.6118544936180115"
"kitchen-partial-v0_IQL_HumanEvaluativeRewardMlp_HumanKeypointPredictorMlp_2","crashed","-","","","2024-09-04T16:23:27.000Z","21560","","0.0003","256","10","2000000","cpu","0.99","kitchen-partial-v0","1000","kitchen-partial-v0","false","0.9","../../rlhf/model_logs/kitchen-partial-v0/epoch_1000_query_25_len_100_seed_0/models/human_keypoint_predictor_mlp.pt","","1000000","10","kitchen-partial-v0_IQL_HumanEvaluativeRewardMlp_HumanKeypointPredictorMlp_2","true","false","Uni-RLHF-IQL","0.0003","[""../../rlhf/model_logs/kitchen-partial-v0/epoch_1000_query_200_len_100_seed_0/models/human_evaluative_reward_mlp.pt""]","2","0.005","0.0003","/scratch/slurm_tmpdir/job_24145522","-321.3261413574219","32.5","2043.6875","609.9423828125"
"kitchen-partial-v0_IQL_HumanKeypointPredictorMlp_0","crashed","-","","","2024-09-03T13:54:26.000Z","21579","","0.0003","256","10","2000000","cpu","0.99","kitchen-partial-v0","1000","kitchen-partial-v0","false","0.9","../../rlhf/model_logs/kitchen-partial-v0/epoch_1000_query_25_len_100_seed_0/models/human_keypoint_predictor_mlp.pt","","1000000","10","kitchen-partial-v0_IQL_HumanKeypointPredictorMlp_0","true","false","Uni-RLHF-IQL","0.0003","[]","0","0.005","0.0003","","-233.2197265625","32.5","1236.8070068359375","225.2152404785156"
"kitchen-mixed-v0_IQL_HumanKeypointPredictorMlp_2","crashed","-","","","2024-09-04T16:14:21.000Z","21571","","0.0003","256","10","2000000","cpu","0.99","kitchen-mixed-v0","1000","kitchen-mixed-v0","false","0.9","../../rlhf/model_logs/kitchen-mixed-v0/epoch_1000_query_25_len_100_seed_0/models/human_keypoint_predictor_mlp.pt","","1000000","10","kitchen-mixed-v0_IQL_HumanKeypointPredictorMlp_2","true","false","Uni-RLHF-IQL","0.0003","[]","2","0.005","0.0003","/scratch/slurm_tmpdir/job_24145515","-203.4981231689453","32.5","2.250232458114624","0.5811927318572998"
"kitchen-partial-v0_IQL_HumanComparativeRewardMlp_HumanEvaluativeRewardMlp_HumanKeypointPredictorMlp_0","crashed","-","","","2024-09-03T13:54:28.000Z","21571","","0.0003","256","10","2000000","cpu","0.99","kitchen-partial-v0","1000","kitchen-partial-v0","false","0.9","../../rlhf/model_logs/kitchen-partial-v0/epoch_1000_query_25_len_100_seed_0/models/human_keypoint_predictor_mlp.pt","","1000000","10","kitchen-partial-v0_IQL_HumanComparativeRewardMlp_HumanEvaluativeRewardMlp_HumanKeypointPredictorMlp_0","true","false","Uni-RLHF-IQL","0.0003","[""../../rlhf/model_logs/kitchen-partial-v0/epoch_1000_query_200_len_100_seed_0/models/human_comparative_reward_mlp.pt"",""../../rlhf/model_logs/kitchen-partial-v0/epoch_1000_query_200_len_100_seed_0/models/human_evaluative_reward_mlp.pt""]","0","0.005","0.0003","","-291.4263916015625","32.5","821.2108154296875","104.19327545166016"
"kitchen-mixed-v0_IQL_2","crashed","-","","","2024-09-04T15:39:15.000Z","21564","","0.0003","256","10","2000000","cpu","0.99","kitchen-mixed-v0","1000","kitchen-mixed-v0","false","0.9","","","1000000","10","kitchen-mixed-v0_IQL_2","true","false","Uni-RLHF-IQL","0.0003","[]","2","0.005","0.0003","/scratch/slurm_tmpdir/job_24145508","-81.66328430175781","30","2.15801739692688","0.4024982452392578"
"kitchen-mixed-v0_IQL_HumanComparativeRewardMlp_HumanKeypointPredictorMlp_2","crashed","-","","","2024-09-04T16:10:23.000Z","21571","","0.0003","256","10","2000000","cpu","0.99","kitchen-mixed-v0","1000","kitchen-mixed-v0","false","0.9","../../rlhf/model_logs/kitchen-mixed-v0/epoch_1000_query_25_len_100_seed_0/models/human_keypoint_predictor_mlp.pt","","1000000","10","kitchen-mixed-v0_IQL_HumanComparativeRewardMlp_HumanKeypointPredictorMlp_2","true","false","Uni-RLHF-IQL","0.0003","[""../../rlhf/model_logs/kitchen-mixed-v0/epoch_1000_query_200_len_100_seed_0/models/human_comparative_reward_mlp.pt""]","2","0.005","0.0003","/scratch/slurm_tmpdir/job_24145511","-160.61572265625","30","114.5163116455078","44.24691390991211"
"kitchen-partial-v0_IQL_HumanComparativeRewardMlp_HumanKeypointPredictorMlp_2","crashed","-","","","2024-09-04T16:21:27.000Z","21538","","0.0003","256","10","2000000","cpu","0.99","kitchen-partial-v0","1000","kitchen-partial-v0","false","0.9","../../rlhf/model_logs/kitchen-partial-v0/epoch_1000_query_25_len_100_seed_0/models/human_keypoint_predictor_mlp.pt","","1000000","10","kitchen-partial-v0_IQL_HumanComparativeRewardMlp_HumanKeypointPredictorMlp_2","true","false","Uni-RLHF-IQL","0.0003","[""../../rlhf/model_logs/kitchen-partial-v0/epoch_1000_query_200_len_100_seed_0/models/human_comparative_reward_mlp.pt""]","2","0.005","0.0003","/scratch/slurm_tmpdir/job_24145521","-123.96112060546876","30","6.456786632537842","3.121870279312134"
"kitchen-complete-v0_IQL_HumanComparativeRewardMlp_0","crashed","-","","","2024-09-03T13:52:19.000Z","21571","","0.0003","256","10","2000000","cpu","0.99","kitchen-complete-v0","1000","kitchen-complete-v0","false","0.9","","","1000000","10","kitchen-complete-v0_IQL_HumanComparativeRewardMlp_0","true","false","Uni-RLHF-IQL","0.0003","[""../../rlhf/model_logs/kitchen-complete-v0/epoch_1000_query_200_len_100_seed_0/models/human_comparative_reward_mlp.pt""]","0","0.005","0.0003","","-47.251617431640625","30","0.0005486574373207986","0.00006628081609960645"
"kitchen-complete-v0_IQL_0","crashed","-","","","2024-09-01T10:27:56.000Z","21481","","0.0003","256","10","2000000","cpu","0.99","kitchen-complete-v0","1000","kitchen-complete-v0","false","0.9","","","1000000","10","kitchen-complete-v0_IQL_0","true","false","Uni-RLHF","0.0003","[]","0","0.005","0.0003","","-27.768983840942383","30","0.027425095438957214","0.0023069833405315876"
"kitchen-mixed-v0_IQL_HumanEvaluativeRewardMlp_HumanKeypointPredictorMlp_1","crashed","-","","","2024-09-04T06:40:41.000Z","21481","","0.0003","256","10","2000000","cpu","0.99","kitchen-mixed-v0","1000","kitchen-mixed-v0","false","0.9","../../rlhf/model_logs/kitchen-mixed-v0/epoch_1000_query_25_len_100_seed_0/models/human_keypoint_predictor_mlp.pt","","1000000","10","kitchen-mixed-v0_IQL_HumanEvaluativeRewardMlp_HumanKeypointPredictorMlp_1","true","false","Uni-RLHF-IQL","0.0003","[""../../rlhf/model_logs/kitchen-mixed-v0/epoch_1000_query_200_len_100_seed_0/models/human_evaluative_reward_mlp.pt""]","1","0.005","0.0003","/scratch/slurm_tmpdir/job_24140482","-157.2269744873047","30","9.014379501342772","4.391545295715332"
"kitchen-complete-v0_IQL_HumanComparativeRewardMlp_HumanKeypointPredictorMlp_0","crashed","-","","","2024-09-03T18:35:00.000Z","21541","","0.0003","256","10","2000000","cpu","0.99","kitchen-complete-v0","1000","kitchen-complete-v0","false","0.9","../../rlhf/model_logs/kitchen-complete-v0/epoch_1000_query_25_len_100_seed_0/models/human_keypoint_predictor_mlp.pt","","1000000","10","kitchen-complete-v0_IQL_HumanComparativeRewardMlp_HumanKeypointPredictorMlp_0","true","false","Uni-RLHF-IQL","0.0003","[""../../rlhf/model_logs/kitchen-complete-v0/epoch_1000_query_200_len_100_seed_0/models/human_comparative_reward_mlp.pt""]","0","0.005","0.0003","","13.30500030517578","27.500000000000004","0.003445960581302643","0.0005795360775664449"
"kitchen-mixed-v0_IQL_HumanComparativeRewardMlp_HumanEvaluativeRewardMlp_HumanKeypointPredictorMlp_0","crashed","-","","","2024-09-03T13:52:30.000Z","21571","","0.0003","256","10","2000000","cpu","0.99","kitchen-mixed-v0","1000","kitchen-mixed-v0","false","0.9","../../rlhf/model_logs/kitchen-mixed-v0/epoch_1000_query_25_len_100_seed_0/models/human_keypoint_predictor_mlp.pt","","1000000","10","kitchen-mixed-v0_IQL_HumanComparativeRewardMlp_HumanEvaluativeRewardMlp_HumanKeypointPredictorMlp_0","true","false","Uni-RLHF-IQL","0.0003","[""../../rlhf/model_logs/kitchen-mixed-v0/epoch_1000_query_200_len_100_seed_0/models/human_comparative_reward_mlp.pt"",""../../rlhf/model_logs/kitchen-mixed-v0/epoch_1000_query_200_len_100_seed_0/models/human_evaluative_reward_mlp.pt""]","0","0.005","0.0003","","-108.7695083618164","27.500000000000004","43.2957763671875","12.98091983795166"
"kitchen-mixed-v0_IQL_HumanComparativeRewardMlp_HumanEvaluativeRewardMlp_HumanKeypointPredictorMlp_2","crashed","-","","","2024-09-04T16:00:43.000Z","21541","","0.0003","256","10","2000000","cpu","0.99","kitchen-mixed-v0","1000","kitchen-mixed-v0","false","0.9","../../rlhf/model_logs/kitchen-mixed-v0/epoch_1000_query_25_len_100_seed_0/models/human_keypoint_predictor_mlp.pt","","1000000","10","kitchen-mixed-v0_IQL_HumanComparativeRewardMlp_HumanEvaluativeRewardMlp_HumanKeypointPredictorMlp_2","true","false","Uni-RLHF-IQL","0.0003","[""../../rlhf/model_logs/kitchen-mixed-v0/epoch_1000_query_200_len_100_seed_0/models/human_comparative_reward_mlp.pt"",""../../rlhf/model_logs/kitchen-mixed-v0/epoch_1000_query_200_len_100_seed_0/models/human_evaluative_reward_mlp.pt""]","2","0.005","0.0003","/scratch/slurm_tmpdir/job_24145509","-199.41552734375","27.500000000000004","95.29525756835938","14.497754096984863"
"kitchen-partial-v0_IQL_HumanKeypointPredictorMlp_1","crashed","-","","","2024-09-04T06:40:41.000Z","21480","","0.0003","256","10","2000000","cpu","0.99","kitchen-partial-v0","1000","kitchen-partial-v0","false","0.9","../../rlhf/model_logs/kitchen-partial-v0/epoch_1000_query_25_len_100_seed_0/models/human_keypoint_predictor_mlp.pt","","1000000","10","kitchen-partial-v0_IQL_HumanKeypointPredictorMlp_1","true","false","Uni-RLHF-IQL","0.0003","[]","1","0.005","0.0003","/scratch/slurm_tmpdir/job_24140495","-251.817138671875","27.500000000000004","1513.084716796875","268.7549133300781"
"kitchen-partial-v0_IQL_HumanEvaluativeRewardMlp_HumanKeypointPredictorMlp_1","crashed","-","","","2024-09-04T06:40:41.000Z","21477","","0.0003","256","10","2000000","cpu","0.99","kitchen-partial-v0","1000","kitchen-partial-v0","false","0.9","../../rlhf/model_logs/kitchen-partial-v0/epoch_1000_query_25_len_100_seed_0/models/human_keypoint_predictor_mlp.pt","","1000000","10","kitchen-partial-v0_IQL_HumanEvaluativeRewardMlp_HumanKeypointPredictorMlp_1","true","false","Uni-RLHF-IQL","0.0003","[""../../rlhf/model_logs/kitchen-partial-v0/epoch_1000_query_200_len_100_seed_0/models/human_evaluative_reward_mlp.pt""]","1","0.005","0.0003","/scratch/slurm_tmpdir/job_24140492","-324.9723205566406","27.500000000000004","1013.577880859375","273.8885498046875"
"kitchen-partial-v0_IQL_RelabeledEvaluativeRewardMlp_2","crashed","-","","","2024-09-04T16:25:27.000Z","21541","","0.0003","256","10","2000000","cpu","0.99","kitchen-partial-v0","1000","kitchen-partial-v0","false","0.9","","","1000000","10","kitchen-partial-v0_IQL_RelabeledEvaluativeRewardMlp_2","true","false","Uni-RLHF-IQL","0.0003","[""../../rlhf/model_logs/kitchen-partial-v0/epoch_1000_query_200_len_100_seed_0/models/relabeled_evaluative_reward_mlp.pt""]","2","0.005","0.0003","/scratch/slurm_tmpdir/job_24145527","-135.0099639892578","27.500000000000004","151.53500366210938","41.01520156860352"
"kitchen-partial-v0_IQL_HumanEvaluativeRewardMlp_HumanKeypointPredictorMlp_0","crashed","-","","","2024-09-03T19:24:12.000Z","21566","","0.0003","256","10","2000000","cpu","0.99","kitchen-partial-v0","1000","kitchen-partial-v0","false","0.9","../../rlhf/model_logs/kitchen-partial-v0/epoch_1000_query_25_len_100_seed_0/models/human_keypoint_predictor_mlp.pt","","1000000","10","kitchen-partial-v0_IQL_HumanEvaluativeRewardMlp_HumanKeypointPredictorMlp_0","true","false","Uni-RLHF-IQL","0.0003","[""../../rlhf/model_logs/kitchen-partial-v0/epoch_1000_query_200_len_100_seed_0/models/human_evaluative_reward_mlp.pt""]","0","0.005","0.0003","","-188.5822296142578","27.500000000000004","1213.3370361328125","397.50836181640625"
"kitchen-mixed-v0_IQL_HumanKeypointPredictorMlp_0","crashed","-","","","2024-09-03T13:52:24.000Z","21561","","0.0003","256","10","2000000","cpu","0.99","kitchen-mixed-v0","1000","kitchen-mixed-v0","false","0.9","../../rlhf/model_logs/kitchen-mixed-v0/epoch_1000_query_25_len_100_seed_0/models/human_keypoint_predictor_mlp.pt","","1000000","10","kitchen-mixed-v0_IQL_HumanKeypointPredictorMlp_0","true","false","Uni-RLHF-IQL","0.0003","[]","0","0.005","0.0003","","-111.45496368408205","27.500000000000004","2.304893970489502","0.4407438337802887"
"kitchen-partial-v0_IQL_HumanComparativeRewardMlp_HumanEvaluativeRewardMlp_2","crashed","-","","","2024-09-04T16:21:25.000Z","21550","","0.0003","256","10","2000000","cpu","0.99","kitchen-partial-v0","1000","kitchen-partial-v0","false","0.9","","","1000000","10","kitchen-partial-v0_IQL_HumanComparativeRewardMlp_HumanEvaluativeRewardMlp_2","true","false","Uni-RLHF-IQL","0.0003","[""../../rlhf/model_logs/kitchen-partial-v0/epoch_1000_query_200_len_100_seed_0/models/human_comparative_reward_mlp.pt"",""../../rlhf/model_logs/kitchen-partial-v0/epoch_1000_query_200_len_100_seed_0/models/human_evaluative_reward_mlp.pt""]","2","0.005","0.0003","/scratch/slurm_tmpdir/job_24145520","-75.64459991455078","25","3.0208215713500977","0.524742603302002"
"kitchen-mixed-v0_IQL_HumanEvaluativeRewardMlp_0","crashed","-","","","2024-09-03T13:52:34.000Z","21571","","0.0003","256","10","2000000","cpu","0.99","kitchen-mixed-v0","1000","kitchen-mixed-v0","false","0.9","","","1000000","10","kitchen-mixed-v0_IQL_HumanEvaluativeRewardMlp_0","true","false","Uni-RLHF-IQL","0.0003","[""../../rlhf/model_logs/kitchen-mixed-v0/epoch_1000_query_200_len_100_seed_0/models/human_evaluative_reward_mlp.pt""]","0","0.005","0.0003","","-74.04032135009766","25","0.3885003030300141","0.0652737244963646"
"kitchen-partial-v0_IQL_HumanComparativeRewardMlp_HumanEvaluativeRewardMlp_HumanKeypointPredictorMlp_1","crashed","-","","","2024-09-04T06:40:42.000Z","21481","","0.0003","256","10","2000000","cpu","0.99","kitchen-partial-v0","1000","kitchen-partial-v0","false","0.9","../../rlhf/model_logs/kitchen-partial-v0/epoch_1000_query_25_len_100_seed_0/models/human_keypoint_predictor_mlp.pt","","1000000","10","kitchen-partial-v0_IQL_HumanComparativeRewardMlp_HumanEvaluativeRewardMlp_HumanKeypointPredictorMlp_1","true","false","Uni-RLHF-IQL","0.0003","[""../../rlhf/model_logs/kitchen-partial-v0/epoch_1000_query_200_len_100_seed_0/models/human_comparative_reward_mlp.pt"",""../../rlhf/model_logs/kitchen-partial-v0/epoch_1000_query_200_len_100_seed_0/models/human_evaluative_reward_mlp.pt""]","1","0.005","0.0003","/scratch/slurm_tmpdir/job_24140489","-315.5231628417969","25","1095.10107421875","306.17529296875"
"kitchen-partial-v0_IQL_HumanComparativeRewardMlp_HumanEvaluativeRewardMlp_HumanKeypointPredictorMlp_2","crashed","-","","","2024-09-04T16:21:28.000Z","21541","","0.0003","256","10","2000000","cpu","0.99","kitchen-partial-v0","1000","kitchen-partial-v0","false","0.9","../../rlhf/model_logs/kitchen-partial-v0/epoch_1000_query_25_len_100_seed_0/models/human_keypoint_predictor_mlp.pt","","1000000","10","kitchen-partial-v0_IQL_HumanComparativeRewardMlp_HumanEvaluativeRewardMlp_HumanKeypointPredictorMlp_2","true","false","Uni-RLHF-IQL","0.0003","[""../../rlhf/model_logs/kitchen-partial-v0/epoch_1000_query_200_len_100_seed_0/models/human_comparative_reward_mlp.pt"",""../../rlhf/model_logs/kitchen-partial-v0/epoch_1000_query_200_len_100_seed_0/models/human_evaluative_reward_mlp.pt""]","2","0.005","0.0003","/scratch/slurm_tmpdir/job_24145519","-179.7984161376953","25","150.24676513671875","25.77258682250977"
"kitchen-partial-v0_IQL_0","crashed","-","","","2024-09-01T10:28:03.000Z","21481","","0.0003","256","10","2000000","cpu","0.99","kitchen-partial-v0","1000","kitchen-partial-v0","false","0.9","","","1000000","10","kitchen-partial-v0_IQL_0","true","false","Uni-RLHF","0.0003","[]","0","0.005","0.0003","","-108.57438659667967","22.5","5.7068586349487305","1.251099944114685"
"kitchen-partial-v0_IQL_HumanComparativeRewardMlp_1","crashed","-","","","2024-09-04T06:40:38.000Z","21477","","0.0003","256","10","2000000","cpu","0.99","kitchen-partial-v0","1000","kitchen-partial-v0","false","0.9","","","1000000","10","kitchen-partial-v0_IQL_HumanComparativeRewardMlp_1","true","false","Uni-RLHF-IQL","0.0003","[""../../rlhf/model_logs/kitchen-partial-v0/epoch_1000_query_200_len_100_seed_0/models/human_comparative_reward_mlp.pt""]","1","0.005","0.0003","/scratch/slurm_tmpdir/job_24140493","-40.99842834472656","22.5","1.5357439517974854","0.16894398629665375"
"kitchen-complete-v0_IQL_HumanComparativeRewardMlp_2","crashed","-","","","2024-09-04T15:37:18.000Z","21562","","0.0003","256","10","2000000","cpu","0.99","kitchen-complete-v0","1000","kitchen-complete-v0","false","0.9","","","1000000","10","kitchen-complete-v0_IQL_HumanComparativeRewardMlp_2","true","false","Uni-RLHF-IQL","0.0003","[""../../rlhf/model_logs/kitchen-complete-v0/epoch_1000_query_200_len_100_seed_0/models/human_comparative_reward_mlp.pt""]","2","0.005","0.0003","/scratch/slurm_tmpdir/job_24145503","-38.523643493652344","22.5","0.0008509852923452854","0.00015436511603184044"
"kitchen-partial-v0_IQL_1","finished","-","","","2024-09-04T06:40:37.000Z","21394","","0.0003","256","10","2000000","cpu","0.99","kitchen-partial-v0","1000","kitchen-partial-v0","false","0.9","","","1000000","10","kitchen-partial-v0_IQL_1","true","false","Uni-RLHF-IQL","0.0003","[]","1","0.005","0.0003","/scratch/slurm_tmpdir/job_24140488","-180.82162475585935","20","6.013416767120361","0.992207944393158"
"kitchen-partial-v0_IQL_HumanComparativeRewardMlp_HumanEvaluativeRewardMlp_0","crashed","-","","","2024-09-03T19:24:15.000Z","21571","","0.0003","256","10","2000000","cpu","0.99","kitchen-partial-v0","1000","kitchen-partial-v0","false","0.9","","","1000000","10","kitchen-partial-v0_IQL_HumanComparativeRewardMlp_HumanEvaluativeRewardMlp_0","true","false","Uni-RLHF-IQL","0.0003","[""../../rlhf/model_logs/kitchen-partial-v0/epoch_1000_query_200_len_100_seed_0/models/human_comparative_reward_mlp.pt"",""../../rlhf/model_logs/kitchen-partial-v0/epoch_1000_query_200_len_100_seed_0/models/human_evaluative_reward_mlp.pt""]","0","0.005","0.0003","","-119.93253326416016","20","2.4677257537841797","0.5556153059005737"
"kitchen-mixed-v0_IQL_HumanComparativeRewardMlp_HumanEvaluativeRewardMlp_1","crashed","-","","","2024-09-04T06:40:39.000Z","21492","","0.0003","256","10","2000000","cpu","0.99","kitchen-mixed-v0","1000","kitchen-mixed-v0","false","0.9","","","1000000","10","kitchen-mixed-v0_IQL_HumanComparativeRewardMlp_HumanEvaluativeRewardMlp_1","true","false","Uni-RLHF-IQL","0.0003","[""../../rlhf/model_logs/kitchen-mixed-v0/epoch_1000_query_200_len_100_seed_0/models/human_comparative_reward_mlp.pt"",""../../rlhf/model_logs/kitchen-mixed-v0/epoch_1000_query_200_len_100_seed_0/models/human_evaluative_reward_mlp.pt""]","1","0.005","0.0003","/scratch/slurm_tmpdir/job_24140480","-176.37657165527344","20","1.1955538988113403","0.335033118724823"
"kitchen-partial-v0_IQL_RelabeledComparativeRewardMlp_1","crashed","-","","","2024-09-04T06:40:38.000Z","21481","","0.0003","256","10","2000000","cpu","0.99","kitchen-partial-v0","1000","kitchen-partial-v0","false","0.9","","","1000000","10","kitchen-partial-v0_IQL_RelabeledComparativeRewardMlp_1","true","false","Uni-RLHF-IQL","0.0003","[""../../rlhf/model_logs/kitchen-partial-v0/epoch_1000_query_200_len_100_seed_0/models/relabeled_comparative_reward_mlp.pt""]","1","0.005","0.0003","/scratch/slurm_tmpdir/job_24140496","-75.028076171875","17.5","0.26454752683639526","0.07330943644046783"
"kitchen-complete-v0_IQL_RelabeledEvaluativeRewardMlp_2","crashed","-","","","2024-09-04T15:38:26.000Z","21541","","0.0003","256","10","2000000","cpu","0.99","kitchen-complete-v0","1000","kitchen-complete-v0","false","0.9","","","1000000","10","kitchen-complete-v0_IQL_RelabeledEvaluativeRewardMlp_2","true","false","Uni-RLHF-IQL","0.0003","[""../../rlhf/model_logs/kitchen-complete-v0/epoch_1000_query_200_len_100_seed_0/models/relabeled_evaluative_reward_mlp.pt""]","2","0.005","0.0003","/scratch/slurm_tmpdir/job_24145507","-47.35406875610352","17.5","0.001243342412635684","0.000096001589554362"
"kitchen-partial-v0_IQL_RelabeledEvaluativeRewardMlp_1","crashed","-","","","2024-09-04T06:40:39.000Z","21481","","0.0003","256","10","2000000","cpu","0.99","kitchen-partial-v0","1000","kitchen-partial-v0","false","0.9","","","1000000","10","kitchen-partial-v0_IQL_RelabeledEvaluativeRewardMlp_1","true","false","Uni-RLHF-IQL","0.0003","[""../../rlhf/model_logs/kitchen-partial-v0/epoch_1000_query_200_len_100_seed_0/models/relabeled_evaluative_reward_mlp.pt""]","1","0.005","0.0003","/scratch/slurm_tmpdir/job_24140497","-160.9345245361328","17.5","716.7120361328125","120.80512237548828"
"kitchen-mixed-v0_IQL_HumanEvaluativeRewardMlp_1","crashed","-","","","2024-09-04T06:40:38.000Z","21482","","0.0003","256","10","2000000","cpu","0.99","kitchen-mixed-v0","1000","kitchen-mixed-v0","false","0.9","","","1000000","10","kitchen-mixed-v0_IQL_HumanEvaluativeRewardMlp_1","true","false","Uni-RLHF-IQL","0.0003","[""../../rlhf/model_logs/kitchen-mixed-v0/epoch_1000_query_200_len_100_seed_0/models/human_evaluative_reward_mlp.pt""]","1","0.005","0.0003","/scratch/slurm_tmpdir/job_24140484","-53.79241180419922","17.5","0.3666558563709259","0.06732150912284851"
"kitchen-partial-v0_IQL_RelabeledComparativeRewardMlp_0","crashed","-","","","2024-09-03T13:54:25.000Z","21571","","0.0003","256","10","2000000","cpu","0.99","kitchen-partial-v0","1000","kitchen-partial-v0","false","0.9","","","1000000","10","kitchen-partial-v0_IQL_RelabeledComparativeRewardMlp_0","true","false","Uni-RLHF-IQL","0.0003","[""../../rlhf/model_logs/kitchen-partial-v0/epoch_1000_query_200_len_100_seed_0/models/relabeled_comparative_reward_mlp.pt""]","0","0.005","0.0003","","-41.581581115722656","17.5","0.2934039235115051","0.04646595939993858"
"kitchen-partial-v0_IQL_HumanComparativeRewardMlp_0","crashed","-","","","2024-09-03T13:54:29.000Z","21541","","0.0003","256","10","2000000","cpu","0.99","kitchen-partial-v0","1000","kitchen-partial-v0","false","0.9","","","1000000","10","kitchen-partial-v0_IQL_HumanComparativeRewardMlp_0","true","false","Uni-RLHF-IQL","0.0003","[""../../rlhf/model_logs/kitchen-partial-v0/epoch_1000_query_200_len_100_seed_0/models/human_comparative_reward_mlp.pt""]","0","0.005","0.0003","","-18.906360626220703","15","0.6817383766174316","0.08809143304824829"
"kitchen-complete-v0_IQL_HumanKeypointPredictorMlp_2","crashed","-","","","2024-09-04T15:37:22.000Z","21541","","0.0003","256","10","2000000","cpu","0.99","kitchen-complete-v0","1000","kitchen-complete-v0","false","0.9","../../rlhf/model_logs/kitchen-complete-v0/epoch_1000_query_25_len_100_seed_0/models/human_keypoint_predictor_mlp.pt","","1000000","10","kitchen-complete-v0_IQL_HumanKeypointPredictorMlp_2","true","false","Uni-RLHF-IQL","0.0003","[]","2","0.005","0.0003","/scratch/slurm_tmpdir/job_24145505","-55.94634246826172","15","0.021007318049669262","0.0019578419160097837"
"kitchen-partial-v0_IQL_RelabeledEvaluativeRewardMlp_0","crashed","-","","","2024-09-03T13:54:27.000Z","21571","","0.0003","256","10","2000000","cpu","0.99","kitchen-partial-v0","1000","kitchen-partial-v0","false","0.9","","","1000000","10","kitchen-partial-v0_IQL_RelabeledEvaluativeRewardMlp_0","true","false","Uni-RLHF-IQL","0.0003","[""../../rlhf/model_logs/kitchen-partial-v0/epoch_1000_query_200_len_100_seed_0/models/relabeled_evaluative_reward_mlp.pt""]","0","0.005","0.0003","","-201.0381317138672","15","700.5208740234375","86.40745544433594"
"kitchen-mixed-v0_IQL_HumanComparativeRewardMlp_HumanEvaluativeRewardMlp_2","crashed","-","","","2024-09-04T16:00:41.000Z","21541","","0.0003","256","10","2000000","cpu","0.99","kitchen-mixed-v0","1000","kitchen-mixed-v0","false","0.9","","","1000000","10","kitchen-mixed-v0_IQL_HumanComparativeRewardMlp_HumanEvaluativeRewardMlp_2","true","false","Uni-RLHF-IQL","0.0003","[""../../rlhf/model_logs/kitchen-mixed-v0/epoch_1000_query_200_len_100_seed_0/models/human_comparative_reward_mlp.pt"",""../../rlhf/model_logs/kitchen-mixed-v0/epoch_1000_query_200_len_100_seed_0/models/human_evaluative_reward_mlp.pt""]","2","0.005","0.0003","/scratch/slurm_tmpdir/job_24145510","-44.42000579833984","15","0.2996789216995239","0.062482595443725586"
"kitchen-mixed-v0_IQL_HumanComparativeRewardMlp_0","crashed","-","","","2024-09-03T13:52:20.000Z","21572","","0.0003","256","10","2000000","cpu","0.99","kitchen-mixed-v0","1000","kitchen-mixed-v0","false","0.9","","","1000000","10","kitchen-mixed-v0_IQL_HumanComparativeRewardMlp_0","true","false","Uni-RLHF-IQL","0.0003","[""../../rlhf/model_logs/kitchen-mixed-v0/epoch_1000_query_200_len_100_seed_0/models/human_comparative_reward_mlp.pt""]","0","0.005","0.0003","","-39.67928695678711","15","1.2779459953308103","0.20482510328292847"
"kitchen-complete-v0_IQL_RelabeledComparativeRewardMlp_2","crashed","-","","","2024-09-04T15:38:21.000Z","21545","","0.0003","256","10","2000000","cpu","0.99","kitchen-complete-v0","1000","kitchen-complete-v0","false","0.9","","","1000000","10","kitchen-complete-v0_IQL_RelabeledComparativeRewardMlp_2","true","false","Uni-RLHF-IQL","0.0003","[""../../rlhf/model_logs/kitchen-complete-v0/epoch_1000_query_200_len_100_seed_0/models/relabeled_comparative_reward_mlp.pt""]","2","0.005","0.0003","/scratch/slurm_tmpdir/job_24145506","-55.28694152832031","12.5","0.00007384863420156762","0.000006746825420123059"
"kitchen-mixed-v0_IQL_RelabeledComparativeRewardMlp_2","crashed","-","","","2024-09-04T16:14:20.000Z","21571","","0.0003","256","10","2000000","cpu","0.99","kitchen-mixed-v0","1000","kitchen-mixed-v0","false","0.9","","","1000000","10","kitchen-mixed-v0_IQL_RelabeledComparativeRewardMlp_2","true","false","Uni-RLHF-IQL","0.0003","[""../../rlhf/model_logs/kitchen-mixed-v0/epoch_1000_query_200_len_100_seed_0/models/relabeled_comparative_reward_mlp.pt""]","2","0.005","0.0003","/scratch/slurm_tmpdir/job_24145516","-36.80821990966797","12.5","0.3345867395401001","0.062290482223033905"
"kitchen-mixed-v0_IQL_HumanComparativeRewardMlp_1","crashed","-","","","2024-09-04T06:40:38.000Z","21490","","0.0003","256","10","2000000","cpu","0.99","kitchen-mixed-v0","1000","kitchen-mixed-v0","false","0.9","","","1000000","10","kitchen-mixed-v0_IQL_HumanComparativeRewardMlp_1","true","false","Uni-RLHF-IQL","0.0003","[""../../rlhf/model_logs/kitchen-mixed-v0/epoch_1000_query_200_len_100_seed_0/models/human_comparative_reward_mlp.pt""]","1","0.005","0.0003","/scratch/slurm_tmpdir/job_24140483","-39.63846969604492","12.5","2.0479042530059814","0.3817722201347351"
"kitchen-complete-v0_IQL_RelabeledEvaluativeRewardMlp_1","crashed","-","","","2024-09-04T06:40:38.000Z","21481","","0.0003","256","10","2000000","cpu","0.99","kitchen-complete-v0","1000","kitchen-complete-v0","false","0.9","","","1000000","10","kitchen-complete-v0_IQL_RelabeledEvaluativeRewardMlp_1","true","false","Uni-RLHF-IQL","0.0003","[""../../rlhf/model_logs/kitchen-complete-v0/epoch_1000_query_200_len_100_seed_0/models/relabeled_evaluative_reward_mlp.pt""]","1","0.005","0.0003","/scratch/slurm_tmpdir/job_24140477","-40.27656936645508","10","0.0001978598738787696","0.00003680932422867045"
"kitchen-mixed-v0_IQL_HumanEvaluativeRewardMlp_HumanKeypointPredictorMlp_0","crashed","-","","","2024-09-03T19:16:00.000Z","21541","","0.0003","256","10","2000000","cpu","0.99","kitchen-mixed-v0","1000","kitchen-mixed-v0","false","0.9","../../rlhf/model_logs/kitchen-mixed-v0/epoch_1000_query_25_len_100_seed_0/models/human_keypoint_predictor_mlp.pt","","1000000","10","kitchen-mixed-v0_IQL_HumanEvaluativeRewardMlp_HumanKeypointPredictorMlp_0","true","false","Uni-RLHF-IQL","0.0003","[""../../rlhf/model_logs/kitchen-mixed-v0/epoch_1000_query_200_len_100_seed_0/models/human_evaluative_reward_mlp.pt""]","0","0.005","0.0003","","-100.05651092529295","10","7.640743255615234","1.4061459302902222"
"kitchen-mixed-v0_IQL_HumanKeypointPredictorMlp_1","crashed","-","","","2024-09-04T06:40:41.000Z","21480","","0.0003","256","10","2000000","cpu","0.99","kitchen-mixed-v0","1000","kitchen-mixed-v0","false","0.9","../../rlhf/model_logs/kitchen-mixed-v0/epoch_1000_query_25_len_100_seed_0/models/human_keypoint_predictor_mlp.pt","","1000000","10","kitchen-mixed-v0_IQL_HumanKeypointPredictorMlp_1","true","false","Uni-RLHF-IQL","0.0003","[]","1","0.005","0.0003","/scratch/slurm_tmpdir/job_24140485","-118.07471466064452","7.5","10.50587272644043","2.243500232696533"
"kitchen-mixed-v0_IQL_HumanEvaluativeRewardMlp_2","crashed","-","","","2024-09-04T16:13:15.000Z","21575","","0.0003","256","10","2000000","cpu","0.99","kitchen-mixed-v0","1000","kitchen-mixed-v0","false","0.9","","","1000000","10","kitchen-mixed-v0_IQL_HumanEvaluativeRewardMlp_2","true","false","Uni-RLHF-IQL","0.0003","[""../../rlhf/model_logs/kitchen-mixed-v0/epoch_1000_query_200_len_100_seed_0/models/human_evaluative_reward_mlp.pt""]","2","0.005","0.0003","/scratch/slurm_tmpdir/job_24145514","-87.04814147949219","5","0.5617895126342773","0.08243999630212784"
"kitchen-mixed-v0_IQL_HumanComparativeRewardMlp_HumanEvaluativeRewardMlp_0","crashed","-","","","2024-09-03T18:39:05.000Z","21557","","0.0003","256","10","2000000","cpu","0.99","kitchen-mixed-v0","1000","kitchen-mixed-v0","false","0.9","","","1000000","10","kitchen-mixed-v0_IQL_HumanComparativeRewardMlp_HumanEvaluativeRewardMlp_0","true","false","Uni-RLHF-IQL","0.0003","[""../../rlhf/model_logs/kitchen-mixed-v0/epoch_1000_query_200_len_100_seed_0/models/human_comparative_reward_mlp.pt"",""../../rlhf/model_logs/kitchen-mixed-v0/epoch_1000_query_200_len_100_seed_0/models/human_evaluative_reward_mlp.pt""]","0","0.005","0.0003","","-76.20684814453125","5","1.8447651863098145","0.499712735414505"
"kitchen-complete-v0_IQL_RelabeledEvaluativeRewardMlp_0","crashed","-","","","2024-09-03T13:52:18.000Z","21563","","0.0003","256","10","2000000","cpu","0.99","kitchen-complete-v0","1000","kitchen-complete-v0","false","0.9","","","1000000","10","kitchen-complete-v0_IQL_RelabeledEvaluativeRewardMlp_0","true","false","Uni-RLHF-IQL","0.0003","[""../../rlhf/model_logs/kitchen-complete-v0/epoch_1000_query_200_len_100_seed_0/models/relabeled_evaluative_reward_mlp.pt""]","0","0.005","0.0003","","-51.00093078613281","5","0.000023047068680170923","0.00000323924291478761"
"kitchen-mixed-v0_IQL_HumanComparativeRewardMlp_2","crashed","-","","","2024-09-04T16:11:11.000Z","21578","","0.0003","256","10","2000000","cpu","0.99","kitchen-mixed-v0","1000","kitchen-mixed-v0","false","0.9","","","1000000","10","kitchen-mixed-v0_IQL_HumanComparativeRewardMlp_2","true","false","Uni-RLHF-IQL","0.0003","[""../../rlhf/model_logs/kitchen-mixed-v0/epoch_1000_query_200_len_100_seed_0/models/human_comparative_reward_mlp.pt""]","2","0.005","0.0003","/scratch/slurm_tmpdir/job_24145513","-16.292564392089844","2.5","0.1794433295726776","0.023845979943871495"
"kitchen-complete-v0_IQL_RelabeledComparativeRewardMlp_1","crashed","-","","","2024-09-04T06:40:38.000Z","21467","","0.0003","256","10","2000000","cpu","0.99","kitchen-complete-v0","1000","kitchen-complete-v0","false","0.9","","","1000000","10","kitchen-complete-v0_IQL_RelabeledComparativeRewardMlp_1","true","false","Uni-RLHF-IQL","0.0003","[""../../rlhf/model_logs/kitchen-complete-v0/epoch_1000_query_200_len_100_seed_0/models/relabeled_comparative_reward_mlp.pt""]","1","0.005","0.0003","/scratch/slurm_tmpdir/job_24140476","-48.976566314697266","2.5","0.00011050415196223184","0.000011669495506794192"
"kitchen-complete-v0_IQL_HumanEvaluativeRewardMlp_HumanKeypointPredictorMlp_0","failed","-","","","2024-09-03T18:36:59.000Z","12","","0.0003","256","10","2000000","cpu","0.99","kitchen-complete-v0","1000","kitchen-complete-v0","false","0.9","../../rlhf/model_logs/kitchen-complete-v0/epoch_1000_query_25_len_100_seed_0/models/human_keypoint_predictor_mlp.pt","","1000000","10","kitchen-complete-v0_IQL_HumanEvaluativeRewardMlp_HumanKeypointPredictorMlp_0","true","false","Uni-RLHF-IQL","0.0003","[""../../rlhf/model_logs/kitchen-complete-v0/epoch_1000_query_200_len_100_seed_0/models/human_evaluative_reward_mlp.pt""]","0","0.005","0.0003","","NaN","","NaN","NaN"
"kitchen-complete-v0_IQL_HumanComparativeRewardMlp_HumanEvaluativeRewardMlp_HumanKeypointPredictorMlp_0","failed","-","","","2024-09-03T13:52:24.000Z","18","","0.0003","256","10","2000000","cpu","0.99","kitchen-complete-v0","1000","kitchen-complete-v0","false","0.9","../../rlhf/model_logs/kitchen-complete-v0/epoch_1000_query_25_len_100_seed_0/models/human_keypoint_predictor_mlp.pt","","1000000","10","kitchen-complete-v0_IQL_HumanComparativeRewardMlp_HumanEvaluativeRewardMlp_HumanKeypointPredictorMlp_0","true","false","Uni-RLHF-IQL","0.0003","[""../../rlhf/model_logs/kitchen-complete-v0/epoch_1000_query_200_len_100_seed_0/models/human_comparative_reward_mlp.pt"",""../../rlhf/model_logs/kitchen-complete-v0/epoch_1000_query_200_len_100_seed_0/models/human_evaluative_reward_mlp.pt""]","0","0.005","0.0003","","NaN","","NaN","NaN"
"kitchen-complete-v0_IQL_HumanEvaluativeRewardMlp_1","failed","-","","","2024-09-04T06:40:37.000Z","29","","0.0003","256","10","2000000","cpu","0.99","kitchen-complete-v0","1000","kitchen-complete-v0","false","0.9","","","1000000","10","kitchen-complete-v0_IQL_HumanEvaluativeRewardMlp_1","true","false","Uni-RLHF-IQL","0.0003","[""../../rlhf/model_logs/kitchen-complete-v0/epoch_1000_query_200_len_100_seed_0/models/human_evaluative_reward_mlp.pt""]","1","0.005","0.0003","/scratch/slurm_tmpdir/job_24140474","NaN","","NaN","NaN"
"kitchen-complete-v0_IQL_HumanComparativeRewardMlp_HumanEvaluativeRewardMlp_1","failed","-","","","2024-09-04T06:40:37.000Z","32","","0.0003","256","10","2000000","cpu","0.99","kitchen-complete-v0","1000","kitchen-complete-v0","false","0.9","","","1000000","10","kitchen-complete-v0_IQL_HumanComparativeRewardMlp_HumanEvaluativeRewardMlp_1","true","false","Uni-RLHF-IQL","0.0003","[""../../rlhf/model_logs/kitchen-complete-v0/epoch_1000_query_200_len_100_seed_0/models/human_comparative_reward_mlp.pt"",""../../rlhf/model_logs/kitchen-complete-v0/epoch_1000_query_200_len_100_seed_0/models/human_evaluative_reward_mlp.pt""]","1","0.005","0.0003","/scratch/slurm_tmpdir/job_24140470","NaN","","NaN","NaN"
"kitchen-complete-v0_IQL_HumanComparativeRewardMlp_HumanEvaluativeRewardMlp_0","failed","-","","","2024-09-03T18:35:01.000Z","11","","0.0003","256","10","2000000","cpu","0.99","kitchen-complete-v0","1000","kitchen-complete-v0","false","0.9","","","1000000","10","kitchen-complete-v0_IQL_HumanComparativeRewardMlp_HumanEvaluativeRewardMlp_0","true","false","Uni-RLHF-IQL","0.0003","[""../../rlhf/model_logs/kitchen-complete-v0/epoch_1000_query_200_len_100_seed_0/models/human_comparative_reward_mlp.pt"",""../../rlhf/model_logs/kitchen-complete-v0/epoch_1000_query_200_len_100_seed_0/models/human_evaluative_reward_mlp.pt""]","0","0.005","0.0003","","NaN","","NaN","NaN"
"kitchen-complete-v0_IQL_HumanComparativeRewardMlp_HumanEvaluativeRewardMlp_HumanKeypointPredictorMlp_1","failed","-","","","2024-09-04T06:40:38.000Z","30","","0.0003","256","10","2000000","cpu","0.99","kitchen-complete-v0","1000","kitchen-complete-v0","false","0.9","../../rlhf/model_logs/kitchen-complete-v0/epoch_1000_query_25_len_100_seed_0/models/human_keypoint_predictor_mlp.pt","","1000000","10","kitchen-complete-v0_IQL_HumanComparativeRewardMlp_HumanEvaluativeRewardMlp_HumanKeypointPredictorMlp_1","true","false","Uni-RLHF-IQL","0.0003","[""../../rlhf/model_logs/kitchen-complete-v0/epoch_1000_query_200_len_100_seed_0/models/human_comparative_reward_mlp.pt"",""../../rlhf/model_logs/kitchen-complete-v0/epoch_1000_query_200_len_100_seed_0/models/human_evaluative_reward_mlp.pt""]","1","0.005","0.0003","/scratch/slurm_tmpdir/job_24140469","NaN","","NaN","NaN"
"kitchen-complete-v0_IQL_HumanComparativeRewardMlp_HumanEvaluativeRewardMlp_2","failed","-","","","2024-09-04T15:33:31.000Z","16","","0.0003","256","10","2000000","cpu","0.99","kitchen-complete-v0","1000","kitchen-complete-v0","false","0.9","","","1000000","10","kitchen-complete-v0_IQL_HumanComparativeRewardMlp_HumanEvaluativeRewardMlp_2","true","false","Uni-RLHF-IQL","0.0003","[""../../rlhf/model_logs/kitchen-complete-v0/epoch_1000_query_200_len_100_seed_0/models/human_comparative_reward_mlp.pt"",""../../rlhf/model_logs/kitchen-complete-v0/epoch_1000_query_200_len_100_seed_0/models/human_evaluative_reward_mlp.pt""]","2","0.005","0.0003","/scratch/slurm_tmpdir/job_24145500","NaN","","NaN","NaN"
"kitchen-complete-v0_IQL_HumanComparativeRewardMlp_HumanEvaluativeRewardMlp_HumanKeypointPredictorMlp_2","failed","-","","","2024-09-04T15:33:31.000Z","15","","0.0003","256","10","2000000","cpu","0.99","kitchen-complete-v0","1000","kitchen-complete-v0","false","0.9","../../rlhf/model_logs/kitchen-complete-v0/epoch_1000_query_25_len_100_seed_0/models/human_keypoint_predictor_mlp.pt","","1000000","10","kitchen-complete-v0_IQL_HumanComparativeRewardMlp_HumanEvaluativeRewardMlp_HumanKeypointPredictorMlp_2","true","false","Uni-RLHF-IQL","0.0003","[""../../rlhf/model_logs/kitchen-complete-v0/epoch_1000_query_200_len_100_seed_0/models/human_comparative_reward_mlp.pt"",""../../rlhf/model_logs/kitchen-complete-v0/epoch_1000_query_200_len_100_seed_0/models/human_evaluative_reward_mlp.pt""]","2","0.005","0.0003","/scratch/slurm_tmpdir/job_24145499","NaN","","NaN","NaN"
"kitchen-complete-v0_IQL_HumanEvaluativeRewardMlp_HumanKeypointPredictorMlp_1","failed","-","","","2024-09-04T06:40:38.000Z","22","","0.0003","256","10","2000000","cpu","0.99","kitchen-complete-v0","1000","kitchen-complete-v0","false","0.9","../../rlhf/model_logs/kitchen-complete-v0/epoch_1000_query_25_len_100_seed_0/models/human_keypoint_predictor_mlp.pt","","1000000","10","kitchen-complete-v0_IQL_HumanEvaluativeRewardMlp_HumanKeypointPredictorMlp_1","true","false","Uni-RLHF-IQL","0.0003","[""../../rlhf/model_logs/kitchen-complete-v0/epoch_1000_query_200_len_100_seed_0/models/human_evaluative_reward_mlp.pt""]","1","0.005","0.0003","/scratch/slurm_tmpdir/job_24140472","NaN","","NaN","NaN"
"kitchen-complete-v0_IQL_HumanEvaluativeRewardMlp_HumanKeypointPredictorMlp_2","failed","-","","","2024-09-04T15:35:23.000Z","11","","0.0003","256","10","2000000","cpu","0.99","kitchen-complete-v0","1000","kitchen-complete-v0","false","0.9","../../rlhf/model_logs/kitchen-complete-v0/epoch_1000_query_25_len_100_seed_0/models/human_keypoint_predictor_mlp.pt","","1000000","10","kitchen-complete-v0_IQL_HumanEvaluativeRewardMlp_HumanKeypointPredictorMlp_2","true","false","Uni-RLHF-IQL","0.0003","[""../../rlhf/model_logs/kitchen-complete-v0/epoch_1000_query_200_len_100_seed_0/models/human_evaluative_reward_mlp.pt""]","2","0.005","0.0003","/scratch/slurm_tmpdir/job_24145502","NaN","","NaN","NaN"
"kitchen-complete-v0_IQL_HumanEvaluativeRewardMlp_2","failed","-","","","2024-09-04T15:37:21.000Z","12","","0.0003","256","10","2000000","cpu","0.99","kitchen-complete-v0","1000","kitchen-complete-v0","false","0.9","","","1000000","10","kitchen-complete-v0_IQL_HumanEvaluativeRewardMlp_2","true","false","Uni-RLHF-IQL","0.0003","[""../../rlhf/model_logs/kitchen-complete-v0/epoch_1000_query_200_len_100_seed_0/models/human_evaluative_reward_mlp.pt""]","2","0.005","0.0003","/scratch/slurm_tmpdir/job_24145504","NaN","","NaN","NaN"
"kitchen-complete-v0_IQL_HumanEvaluativeRewardMlp_0","failed","-","","","2024-09-03T13:53:09.000Z","11","","0.0003","256","10","2000000","cpu","0.99","kitchen-complete-v0","1000","kitchen-complete-v0","false","0.9","","","1000000","10","kitchen-complete-v0_IQL_HumanEvaluativeRewardMlp_0","true","false","Uni-RLHF-IQL","0.0003","[""../../rlhf/model_logs/kitchen-complete-v0/epoch_1000_query_200_len_100_seed_0/models/human_evaluative_reward_mlp.pt""]","0","0.005","0.0003","","NaN","","NaN","NaN"